year,month,day,decimal_date,co2_raw,seasonally_adj,fit,seasonally_fit,co2_filled,seasonally_filled,station,time,co2,time_norm
1958,4,21290,1958.2877,317.45,315.15,317.3,314.98,317.45,315.15, MLO,1958.2877,317.45,0.0
1958,5,21320,1958.3699,317.51,314.68,317.89,315.06,317.51,314.68, MLO,1958.3699,317.51,0.08219999999982974
1958,6,21351,1958.4548,-99.99,-99.99,317.27,315.14,317.27,315.14, MLO,1958.4548,317.27,0.16709999999989122
1958,7,21381,1958.537,315.87,315.2,315.85,315.21,315.87,315.2, MLO,1958.537,315.87,0.24929999999994834
1958,8,21412,1958.6219,314.93,316.23,313.94,315.28,314.93,316.23, MLO,1958.6219,314.93,0.3342000000000098
1958,9,21443,1958.7068,313.21,316.13,312.41,315.35,313.21,316.13, MLO,1958.7068,313.21,0.41909999999984393
1958,10,21473,1958.789,-99.99,-99.99,312.41,315.4,312.41,315.4, MLO,1958.789,312.41,0.501299999999901
1958,11,21504,1958.874,313.33,315.21,313.6,315.46,313.33,315.21, MLO,1958.874,313.33,0.5862999999999374
1958,12,21534,1958.9562,314.67,315.43,314.76,315.51,314.67,315.43, MLO,1958.9562,314.67,0.6684999999999945
1959,1,21565,1959.0411,315.58,315.52,315.64,315.57,315.58,315.52, MLO,1959.0411,315.58,0.7533999999998287
1959,2,21596,1959.126,316.49,315.84,316.29,315.63,316.49,315.84, MLO,1959.126,316.49,0.8382999999998901
1959,3,21624,1959.2027,316.65,315.37,316.99,315.69,316.65,315.37, MLO,1959.2027,316.65,0.9149999999999636
1959,4,21655,1959.2877,317.72,315.41,318.1,315.77,317.72,315.41, MLO,1959.2877,317.72,1.0
1959,5,21685,1959.3699,318.29,315.45,318.69,315.85,318.29,315.45, MLO,1959.3699,318.29,1.0821999999998297
1959,6,21716,1959.4548,318.15,315.99,318.08,315.94,318.15,315.99, MLO,1959.4548,318.15,1.1670999999998912
1959,7,21746,1959.537,316.54,315.87,316.66,316.03,316.54,315.87, MLO,1959.537,316.54,1.2492999999999483
1959,8,21777,1959.6219,314.79,316.11,314.78,316.12,314.79,316.11, MLO,1959.6219,314.79,1.3342000000000098
1959,9,21808,1959.7068,313.84,316.76,313.28,316.22,313.84,316.76, MLO,1959.7068,313.84,1.419099999999844
1959,10,21838,1959.789,313.33,316.35,313.3,316.3,313.33,316.35, MLO,1959.789,313.33,1.501299999999901
1959,11,21869,1959.874,314.81,316.69,314.53,316.39,314.81,316.69, MLO,1959.874,314.81,1.5862999999999374
1959,12,21899,1959.9562,315.58,316.35,315.72,316.47,315.58,316.35, MLO,1959.9562,315.58,1.6684999999999945
1960,1,21930,1960.041,316.43,316.37,316.62,316.55,316.43,316.37, MLO,1960.041,316.43,1.7532999999998538
1960,2,21961,1960.1257,316.98,316.33,317.29,316.63,316.98,316.33, MLO,1960.1257,316.98,1.8379999999999654
1960,3,21990,1960.2049,317.58,316.27,318.03,316.71,317.58,316.27, MLO,1960.2049,317.58,1.9171999999998661
1960,4,22021,1960.2896,319.03,316.69,319.14,316.79,319.03,316.69, MLO,1960.2896,319.03,2.001899999999978
1960,5,22051,1960.3716,320.03,317.19,319.7,316.86,320.03,317.19, MLO,1960.3716,320.03,2.0838999999998578
1960,6,22082,1960.4563,319.58,317.44,319.04,316.92,319.58,317.44, MLO,1960.4563,319.58,2.1685999999999694
1960,7,22112,1960.5383,318.18,317.54,317.58,316.97,318.18,317.54, MLO,1960.5383,318.18,2.2505999999998494
1960,8,22143,1960.623,315.9,317.24,315.64,317.01,315.9,317.24, MLO,1960.623,315.9,2.335299999999961
1960,9,22174,1960.7077,314.17,317.11,314.09,317.05,314.17,317.11, MLO,1960.7077,314.17,2.4199999999998454
1960,10,22204,1960.7896,313.83,316.85,314.07,317.08,313.83,316.85, MLO,1960.7896,313.83,2.501899999999978
1960,11,22235,1960.8743,315.0,316.89,315.25,317.11,315.0,316.89, MLO,1960.8743,315.0,2.586599999999862
1960,12,22265,1960.9563,316.19,316.96,316.4,317.15,316.19,316.96, MLO,1960.9563,316.19,2.6685999999999694
1961,1,22296,1961.0411,316.89,316.83,317.27,317.2,316.89,316.83, MLO,1961.0411,316.89,2.7533999999998287
1961,2,22327,1961.126,317.7,317.05,317.93,317.27,317.7,317.05, MLO,1961.126,317.7,2.83829999999989
1961,3,22355,1961.2027,318.54,317.25,318.64,317.33,318.54,317.25, MLO,1961.2027,318.54,2.9149999999999636
1961,4,22386,1961.2877,319.48,317.15,319.76,317.41,319.48,317.15, MLO,1961.2877,319.48,3.0
1961,5,22416,1961.3699,320.58,317.73,320.35,317.5,320.58,317.73, MLO,1961.3699,320.58,3.0821999999998297
1961,6,22447,1961.4548,319.77,317.6,319.74,317.59,319.77,317.6, MLO,1961.4548,319.77,3.1670999999998912
1961,7,22477,1961.537,318.56,317.89,318.32,317.68,318.56,317.89, MLO,1961.537,318.56,3.2492999999999483
1961,8,22508,1961.6219,316.79,318.11,316.41,317.76,316.79,318.11, MLO,1961.6219,316.79,3.33420000000001
1961,9,22539,1961.7068,314.99,317.93,314.88,317.84,314.99,317.93, MLO,1961.7068,314.99,3.419099999999844
1961,10,22569,1961.789,315.31,318.34,314.9,317.92,315.31,318.34, MLO,1961.789,315.31,3.501299999999901
1961,11,22600,1961.874,316.1,318.0,316.11,317.99,316.1,318.0, MLO,1961.874,316.1,3.5862999999999374
1961,12,22630,1961.9562,317.01,317.78,317.3,318.06,317.01,317.78, MLO,1961.9562,317.01,3.6684999999999945
1962,1,22661,1962.0411,317.94,317.88,318.19,318.12,317.94,317.88, MLO,1962.0411,317.94,3.7533999999998287
1962,2,22692,1962.126,318.55,317.89,318.86,318.19,318.55,317.89, MLO,1962.126,318.55,3.83829999999989
1962,3,22720,1962.2027,319.68,318.39,319.56,318.25,319.68,318.39, MLO,1962.2027,319.68,3.9149999999999636
1962,4,22751,1962.2877,320.57,318.24,320.67,318.32,320.57,318.24, MLO,1962.2877,320.57,4.0
1962,5,22781,1962.3699,321.02,318.15,321.24,318.38,321.02,318.15, MLO,1962.3699,321.02,4.08219999999983
1962,6,22812,1962.4548,320.62,318.45,320.6,318.44,320.62,318.45, MLO,1962.4548,320.62,4.167099999999891
1962,7,22842,1962.537,319.62,318.94,319.14,318.5,319.62,318.94, MLO,1962.537,319.62,4.249299999999948
1962,8,22873,1962.6219,317.4,318.72,317.2,318.55,317.4,318.72, MLO,1962.6219,317.4,4.33420000000001
1962,9,22904,1962.7068,316.24,319.19,315.63,318.6,316.24,319.19, MLO,1962.7068,316.24,4.419099999999844
1962,10,22934,1962.789,315.42,318.46,315.61,318.64,315.42,318.46, MLO,1962.789,315.42,4.501299999999901
1962,11,22965,1962.874,316.69,318.59,316.8,318.68,316.69,318.59, MLO,1962.874,316.69,4.586299999999937
1962,12,22995,1962.9562,317.7,318.47,317.96,318.72,317.7,318.47, MLO,1962.9562,317.7,4.6684999999999945
1963,1,23026,1963.0411,318.74,318.68,318.83,318.76,318.74,318.68, MLO,1963.0411,318.74,4.753399999999829
1963,2,23057,1963.126,319.07,318.41,319.48,318.81,319.07,318.41, MLO,1963.126,319.07,4.83829999999989
1963,3,23085,1963.2027,319.86,318.56,320.17,318.85,319.86,318.56, MLO,1963.2027,319.86,4.914999999999964
1963,4,23116,1963.2877,321.38,319.04,321.26,318.91,321.38,319.04, MLO,1963.2877,321.38,5.0
1963,5,23146,1963.3699,322.24,319.37,321.83,318.96,322.24,319.37, MLO,1963.3699,322.24,5.08219999999983
1963,6,23177,1963.4548,321.49,319.3,321.18,319.01,321.49,319.3, MLO,1963.4548,321.49,5.167099999999891
1963,7,23207,1963.537,319.74,319.07,319.7,319.06,319.74,319.07, MLO,1963.537,319.74,5.249299999999948
1963,8,23238,1963.6219,317.77,319.09,317.74,319.1,317.77,319.09, MLO,1963.6219,317.77,5.33420000000001
1963,9,23269,1963.7068,316.21,319.17,316.17,319.15,316.21,319.17, MLO,1963.7068,316.21,5.419099999999844
1963,10,23299,1963.789,315.99,319.03,316.15,319.19,315.99,319.03, MLO,1963.789,315.99,5.501299999999901
1963,11,23330,1963.874,317.07,318.97,317.35,319.23,317.07,318.97, MLO,1963.874,317.07,5.586299999999937
1963,12,23360,1963.9562,318.35,319.13,318.52,319.28,318.35,319.13, MLO,1963.9562,318.35,5.6684999999999945
1964,1,23391,1964.041,319.57,319.51,319.39,319.32,319.57,319.51, MLO,1964.041,319.57,5.753299999999854
1964,2,23422,1964.1257,-99.99,-99.99,320.04,319.37,320.04,319.37, MLO,1964.1257,320.04,5.837999999999965
1964,3,23451,1964.2049,-99.99,-99.99,320.75,319.41,320.75,319.41, MLO,1964.2049,320.75,5.917199999999866
1964,4,23482,1964.2896,-99.99,-99.99,321.84,319.45,321.84,319.45, MLO,1964.2896,321.84,6.001899999999978
1964,5,23512,1964.3716,322.25,319.37,322.37,319.49,322.25,319.37, MLO,1964.3716,322.25,6.083899999999858
1964,6,23543,1964.4563,321.9,319.73,321.68,319.53,321.9,319.73, MLO,1964.4563,321.9,6.168599999999969
1964,7,23573,1964.5383,320.44,319.79,320.18,319.56,320.44,319.79, MLO,1964.5383,320.44,6.250599999999849
1964,8,23604,1964.623,318.69,320.05,318.19,319.58,318.69,320.05, MLO,1964.623,318.69,6.335299999999961
1964,9,23635,1964.7077,316.71,319.69,316.61,319.6,316.71,319.69, MLO,1964.7077,316.71,6.419999999999845
1964,10,23665,1964.7896,316.87,319.93,316.58,319.62,316.87,319.93, MLO,1964.7896,316.87,6.501899999999978
1964,11,23696,1964.8743,317.68,319.59,317.75,319.64,317.68,319.59, MLO,1964.8743,317.68,6.586599999999862
1964,12,23726,1964.9563,318.71,319.48,318.9,319.66,318.71,319.48, MLO,1964.9563,318.71,6.668599999999969
1965,1,23757,1965.0411,319.44,319.38,319.76,319.69,319.44,319.38, MLO,1965.0411,319.44,6.753399999999829
1965,2,23788,1965.126,320.44,319.78,320.4,319.73,320.44,319.78, MLO,1965.126,320.44,6.83829999999989
1965,3,23816,1965.2027,320.89,319.58,321.09,319.77,320.89,319.58, MLO,1965.2027,320.89,6.914999999999964
1965,4,23847,1965.2877,322.14,319.78,322.2,319.83,322.14,319.78, MLO,1965.2877,322.14,7.0
1965,5,23877,1965.3699,322.17,319.28,322.8,319.91,322.17,319.28, MLO,1965.3699,322.17,7.08219999999983
1965,6,23908,1965.4548,321.88,319.68,322.18,320.0,321.88,319.68, MLO,1965.4548,321.88,7.167099999999891
1965,7,23938,1965.537,321.21,320.53,320.75,320.1,321.21,320.53, MLO,1965.537,321.21,7.249299999999948
1965,8,23969,1965.6219,318.87,320.2,318.84,320.21,318.87,320.2, MLO,1965.6219,318.87,7.33420000000001
1965,9,24000,1965.7068,317.82,320.8,317.33,320.32,317.82,320.8, MLO,1965.7068,317.82,7.419099999999844
1965,10,24030,1965.789,317.3,320.37,317.38,320.43,317.3,320.37, MLO,1965.789,317.3,7.501299999999901
1965,11,24061,1965.874,318.87,320.78,318.65,320.55,318.87,320.78, MLO,1965.874,318.87,7.586299999999937
1965,12,24091,1965.9562,319.42,320.2,319.9,320.66,319.42,320.2, MLO,1965.9562,319.42,7.6684999999999945
1966,1,24122,1966.0411,320.62,320.56,320.85,320.78,320.62,320.56, MLO,1966.0411,320.62,7.753399999999829
1966,2,24153,1966.126,321.6,320.93,321.57,320.9,321.6,320.93, MLO,1966.126,321.6,7.83829999999989
1966,3,24181,1966.2027,322.39,321.08,322.33,321.0,322.39,321.08, MLO,1966.2027,322.39,7.914999999999964
1966,4,24212,1966.2877,323.7,321.34,323.49,321.12,323.7,321.34, MLO,1966.2877,323.7,8.0
1966,5,24242,1966.3699,324.08,321.18,324.11,321.22,324.08,321.18, MLO,1966.3699,324.08,8.08219999999983
1966,6,24273,1966.4548,323.75,321.55,323.5,321.31,323.75,321.55, MLO,1966.4548,323.75,8.167099999999891
1966,7,24303,1966.537,322.37,321.69,322.05,321.4,322.37,321.69, MLO,1966.537,322.37,8.249299999999948
1966,8,24334,1966.6219,320.36,321.7,320.11,321.48,320.36,321.7, MLO,1966.6219,320.36,8.33420000000001
1966,9,24365,1966.7068,318.64,321.63,318.55,321.55,318.64,321.63, MLO,1966.7068,318.64,8.419099999999844
1966,10,24395,1966.789,318.1,321.18,318.55,321.62,318.1,321.18, MLO,1966.789,318.1,8.501299999999901
1966,11,24426,1966.874,319.78,321.71,319.78,321.68,319.78,321.71, MLO,1966.874,319.78,8.586299999999937
1966,12,24456,1966.9562,321.02,321.81,320.97,321.74,321.02,321.81, MLO,1966.9562,321.02,8.668499999999995
1967,1,24487,1967.0411,322.33,322.27,321.87,321.8,322.33,322.27, MLO,1967.0411,322.33,8.753399999999829
1967,2,24518,1967.126,322.5,321.83,322.53,321.85,322.5,321.83, MLO,1967.126,322.5,8.83829999999989
1967,3,24546,1967.2027,323.03,321.72,323.23,321.9,323.03,321.72, MLO,1967.2027,323.03,8.914999999999964
1967,4,24577,1967.2877,324.41,322.05,324.34,321.96,324.41,322.05, MLO,1967.2877,324.41,9.0
1967,5,24607,1967.3699,325.0,322.09,324.92,322.01,325.0,322.09, MLO,1967.3699,325.0,9.08219999999983
1967,6,24638,1967.4548,324.09,321.88,324.26,322.07,324.09,321.88, MLO,1967.4548,324.09,9.167099999999891
1967,7,24668,1967.537,322.54,321.86,322.79,322.14,322.54,321.86, MLO,1967.537,322.54,9.249299999999948
1967,8,24699,1967.6219,320.92,322.26,320.83,322.2,320.92,322.26, MLO,1967.6219,320.92,9.33420000000001
1967,9,24730,1967.7068,319.25,322.25,319.26,322.28,319.25,322.25, MLO,1967.7068,319.25,9.419099999999844
1967,10,24760,1967.789,319.39,322.48,319.27,322.35,319.39,322.48, MLO,1967.789,319.39,9.501299999999901
1967,11,24791,1967.874,320.73,322.65,320.51,322.42,320.73,322.65, MLO,1967.874,320.73,9.586299999999937
1967,12,24821,1967.9562,321.96,322.74,321.72,322.49,321.96,322.74, MLO,1967.9562,321.96,9.668499999999995
1968,1,24852,1968.041,322.57,322.51,322.64,322.57,322.57,322.51, MLO,1968.041,322.57,9.753299999999854
1968,2,24883,1968.1257,323.15,322.48,323.33,322.65,323.15,322.48, MLO,1968.1257,323.15,9.837999999999965
1968,3,24912,1968.2049,323.89,322.55,324.09,322.73,323.89,322.55, MLO,1968.2049,323.89,9.917199999999866
1968,4,24943,1968.2896,325.02,322.62,325.24,322.83,325.02,322.62, MLO,1968.2896,325.02,10.001899999999978
1968,5,24973,1968.3716,325.57,322.66,325.84,322.92,325.57,322.66, MLO,1968.3716,325.57,10.083899999999858
1968,6,25004,1968.4563,325.36,323.17,325.21,323.03,325.36,323.17, MLO,1968.4563,325.36,10.16859999999997
1968,7,25034,1968.5383,324.14,323.48,323.77,323.14,324.14,323.48, MLO,1968.5383,324.14,10.25059999999985
1968,8,25065,1968.623,322.11,323.48,321.85,323.25,322.11,323.48, MLO,1968.623,322.11,10.335299999999961
1968,9,25096,1968.7077,320.33,323.34,320.34,323.37,320.33,323.34, MLO,1968.7077,320.33,10.419999999999845
1968,10,25126,1968.7896,320.25,323.34,320.41,323.49,320.25,323.34, MLO,1968.7896,320.25,10.501899999999978
1968,11,25157,1968.8743,321.32,323.25,321.71,323.62,321.32,323.25, MLO,1968.8743,321.32,10.586599999999862
1968,12,25187,1968.9563,322.89,323.68,322.98,323.75,322.89,323.68, MLO,1968.9563,322.89,10.66859999999997
1969,1,25218,1969.0411,324.0,323.94,323.96,323.89,324.0,323.94, MLO,1969.0411,324.0,10.753399999999829
1969,2,25249,1969.126,324.41,323.74,324.71,324.03,324.41,323.74, MLO,1969.126,324.41,10.83829999999989
1969,3,25277,1969.2027,325.63,324.31,325.5,324.16,325.63,324.31, MLO,1969.2027,325.63,10.914999999999964
1969,4,25308,1969.2877,326.66,324.28,326.7,324.3,326.66,324.28, MLO,1969.2877,326.66,11.0
1969,5,25338,1969.3699,327.38,324.46,327.36,324.43,327.38,324.46, MLO,1969.3699,327.38,11.08219999999983
1969,6,25369,1969.4548,326.71,324.49,326.77,324.57,326.71,324.49, MLO,1969.4548,326.71,11.167099999999891
1969,7,25399,1969.537,325.88,325.19,325.34,324.69,325.88,325.19, MLO,1969.537,325.88,11.249299999999948
1969,8,25430,1969.6219,323.66,325.01,323.41,324.8,323.66,325.01, MLO,1969.6219,323.66,11.33420000000001
1969,9,25461,1969.7068,322.38,325.39,321.87,324.9,322.38,325.39, MLO,1969.7068,322.38,11.419099999999844
1969,10,25491,1969.789,321.78,324.88,321.9,324.99,321.78,324.88, MLO,1969.789,321.78,11.501299999999901
1969,11,25522,1969.874,322.85,324.8,323.16,325.08,322.85,324.8, MLO,1969.874,322.85,11.586299999999937
1969,12,25552,1969.9562,324.11,324.9,324.38,325.16,324.11,324.9, MLO,1969.9562,324.11,11.668499999999995
1970,1,25583,1970.0411,325.06,325.0,325.31,325.24,325.06,325.0, MLO,1970.0411,325.06,11.753399999999829
1970,2,25614,1970.126,325.99,325.31,326.0,325.32,325.99,325.31, MLO,1970.126,325.99,11.83829999999989
1970,3,25642,1970.2027,326.93,325.6,326.74,325.4,326.93,325.6, MLO,1970.2027,326.93,11.914999999999964
1970,4,25673,1970.2877,328.13,325.75,327.88,325.48,328.13,325.75, MLO,1970.2877,328.13,12.0
1970,5,25703,1970.3699,328.08,325.14,328.48,325.55,328.08,325.14, MLO,1970.3699,328.08,12.08219999999983
1970,6,25734,1970.4548,327.67,325.44,327.84,325.63,327.67,325.44, MLO,1970.4548,327.67,12.167099999999891
1970,7,25764,1970.537,326.34,325.65,326.36,325.7,326.34,325.65, MLO,1970.537,326.34,12.249299999999948
1970,8,25795,1970.6219,324.68,326.04,324.38,325.77,324.68,326.04, MLO,1970.6219,324.68,12.33420000000001
1970,9,25826,1970.7068,323.1,326.12,322.79,325.83,323.1,326.12, MLO,1970.7068,323.1,12.419099999999844
1970,10,25856,1970.789,323.07,326.18,322.78,325.88,323.07,326.18, MLO,1970.789,323.07,12.501299999999901
1970,11,25887,1970.874,324.01,325.95,324.0,325.93,324.01,325.95, MLO,1970.874,324.01,12.586299999999937
1970,12,25917,1970.9562,325.13,325.92,325.19,325.97,325.13,325.92, MLO,1970.9562,325.13,12.668499999999995
1971,1,25948,1971.0411,326.17,326.11,326.08,326.01,326.17,326.11, MLO,1971.0411,326.17,12.753399999999829
1971,2,25979,1971.126,326.68,326.01,326.73,326.05,326.68,326.01, MLO,1971.126,326.68,12.83829999999989
1971,3,26007,1971.2027,327.18,325.85,327.43,326.08,327.18,325.85, MLO,1971.2027,327.18,12.914999999999964
1971,4,26038,1971.2877,327.78,325.39,328.55,326.14,327.78,325.39, MLO,1971.2877,327.78,13.0
1971,5,26068,1971.3699,328.93,325.99,329.13,326.19,328.93,325.99, MLO,1971.3699,328.93,13.08219999999983
1971,6,26099,1971.4548,328.57,326.34,328.48,326.26,328.57,326.34, MLO,1971.4548,328.57,13.167099999999891
1971,7,26129,1971.537,327.36,326.67,326.99,326.33,327.36,326.67, MLO,1971.537,327.36,13.249299999999948
1971,8,26160,1971.6219,325.43,326.78,325.01,326.4,325.43,326.78, MLO,1971.6219,325.43,13.33420000000001
1971,9,26191,1971.7068,323.36,326.39,323.42,326.47,323.36,326.39, MLO,1971.7068,323.36,13.419099999999844
1971,10,26221,1971.789,323.56,326.69,323.43,326.54,323.56,326.69, MLO,1971.789,323.56,13.501299999999901
1971,11,26252,1971.874,324.8,326.75,324.69,326.62,324.8,326.75, MLO,1971.874,324.8,13.586299999999937
1971,12,26282,1971.9562,326.01,326.81,325.92,326.7,326.01,326.81, MLO,1971.9562,326.01,13.668499999999995
1972,1,26313,1972.041,326.77,326.71,326.85,326.78,326.77,326.71, MLO,1972.041,326.77,13.753299999999854
1972,2,26344,1972.1257,327.63,326.96,327.56,326.88,327.63,326.96, MLO,1972.1257,327.63,13.837999999999965
1972,3,26373,1972.2049,327.75,326.39,328.35,326.98,327.75,326.39, MLO,1972.2049,327.75,13.917199999999866
1972,4,26404,1972.2896,329.72,327.3,329.54,327.1,329.72,327.3, MLO,1972.2896,329.72,14.001899999999978
1972,5,26434,1972.3716,330.07,327.12,330.18,327.23,330.07,327.12, MLO,1972.3716,330.07,14.083899999999858
1972,6,26465,1972.4563,329.09,326.87,329.58,327.38,329.09,326.87, MLO,1972.4563,329.09,14.16859999999997
1972,7,26495,1972.5383,328.04,327.38,328.18,327.54,328.04,327.38, MLO,1972.5383,328.04,14.25059999999985
1972,8,26526,1972.623,326.32,327.71,326.3,327.72,326.32,327.71, MLO,1972.623,326.32,14.335299999999961
1972,9,26557,1972.7077,324.84,327.89,324.85,327.92,324.84,327.89, MLO,1972.7077,324.84,14.419999999999845
1972,10,26587,1972.7896,325.2,328.33,324.99,328.11,325.2,328.33, MLO,1972.7896,325.2,14.501899999999978
1972,11,26618,1972.8743,326.5,328.46,326.38,328.31,326.5,328.46, MLO,1972.8743,326.5,14.586599999999862
1972,12,26648,1972.9563,327.55,328.35,327.73,328.51,327.55,328.35, MLO,1972.9563,327.55,14.66859999999997
1973,1,26679,1973.0411,328.55,328.49,328.79,328.72,328.55,328.49, MLO,1973.0411,328.55,14.753399999999829
1973,2,26710,1973.126,329.56,328.89,329.61,328.92,329.56,328.89, MLO,1973.126,329.56,14.83829999999989
1973,3,26738,1973.2027,330.3,328.97,330.46,329.1,330.3,328.97, MLO,1973.2027,330.3,14.914999999999964
1973,4,26769,1973.2877,331.5,329.09,331.72,329.3,331.5,329.09, MLO,1973.2877,331.5,15.0
1973,5,26799,1973.3699,332.48,329.52,332.43,329.47,332.48,329.52, MLO,1973.3699,332.48,15.08219999999983
1973,6,26830,1973.4548,332.08,329.83,331.86,329.63,332.08,329.83, MLO,1973.4548,332.08,15.167099999999891
1973,7,26860,1973.537,330.87,330.18,330.43,329.76,330.87,330.18, MLO,1973.537,330.87,15.249299999999948
1973,8,26891,1973.6219,329.31,330.68,328.47,329.87,329.31,330.68, MLO,1973.6219,329.31,15.33420000000001
1973,9,26922,1973.7068,327.52,330.57,326.89,329.95,327.52,330.57, MLO,1973.7068,327.52,15.419099999999844
1973,10,26952,1973.789,327.19,330.33,326.88,330.01,327.19,330.33, MLO,1973.789,327.19,15.501299999999901
1973,11,26983,1973.874,328.17,330.13,328.1,330.05,328.17,330.13, MLO,1973.874,328.17,15.586299999999937
1973,12,27013,1973.9562,328.65,329.45,329.29,330.07,328.65,329.45, MLO,1973.9562,328.65,15.668499999999995
1974,1,27044,1974.0411,329.36,329.3,330.17,330.1,329.36,329.3, MLO,1974.0411,329.36,15.753399999999829
1974,2,27075,1974.126,330.71,330.03,330.81,330.12,330.71,330.03, MLO,1974.126,330.71,15.83829999999989
1974,3,27103,1974.2027,331.49,330.14,331.51,330.15,331.49,330.14, MLO,1974.2027,331.49,15.914999999999964
1974,4,27134,1974.2877,332.65,330.23,332.62,330.19,332.65,330.23, MLO,1974.2877,332.65,16.0
1974,5,27164,1974.3699,333.1,330.13,333.19,330.23,333.1,330.13, MLO,1974.3699,333.1,16.08219999999983
1974,6,27195,1974.4548,332.26,330.01,332.51,330.27,332.26,330.01, MLO,1974.4548,332.26,16.16709999999989
1974,7,27225,1974.537,331.18,330.49,330.99,330.32,331.18,330.49, MLO,1974.537,331.18,16.24929999999995
1974,8,27256,1974.6219,329.39,330.77,328.97,330.37,329.39,330.77, MLO,1974.6219,329.39,16.33420000000001
1974,9,27287,1974.7068,327.44,330.5,327.35,330.42,327.44,330.5, MLO,1974.7068,327.44,16.419099999999844
1974,10,27317,1974.789,327.38,330.53,327.34,330.47,327.38,330.53, MLO,1974.789,327.38,16.5012999999999
1974,11,27348,1974.874,328.46,330.44,328.58,330.53,328.46,330.44, MLO,1974.874,328.46,16.586299999999937
1974,12,27378,1974.9562,329.58,330.38,329.81,330.59,329.58,330.38, MLO,1974.9562,329.58,16.668499999999995
1975,1,27409,1975.0411,330.41,330.35,330.74,330.66,330.41,330.35, MLO,1975.0411,330.41,16.75339999999983
1975,2,27440,1975.126,331.41,330.73,331.44,330.75,331.41,330.73, MLO,1975.126,331.41,16.83829999999989
1975,3,27468,1975.2027,332.04,330.7,332.19,330.82,332.04,330.7, MLO,1975.2027,332.04,16.914999999999964
1975,4,27499,1975.2877,333.32,330.89,333.36,330.92,333.32,330.89, MLO,1975.2877,333.32,17.0
1975,5,27529,1975.3699,333.98,331.0,333.99,331.01,333.98,331.0, MLO,1975.3699,333.98,17.08219999999983
1975,6,27560,1975.4548,333.62,331.35,333.35,331.11,333.62,331.35, MLO,1975.4548,333.62,17.16709999999989
1975,7,27590,1975.537,331.91,331.22,331.87,331.21,331.91,331.22, MLO,1975.537,331.91,17.24929999999995
1975,8,27621,1975.6219,330.06,331.44,329.89,331.3,330.06,331.44, MLO,1975.6219,330.06,17.33420000000001
1975,9,27652,1975.7068,328.56,331.63,328.31,331.39,328.56,331.63, MLO,1975.7068,328.56,17.419099999999844
1975,10,27682,1975.789,328.35,331.51,328.33,331.48,328.35,331.51, MLO,1975.789,328.35,17.5012999999999
1975,11,27713,1975.874,329.5,331.47,329.61,331.56,329.5,331.47, MLO,1975.874,329.5,17.586299999999937
1975,12,27743,1975.9562,330.77,331.58,330.86,331.64,330.77,331.58, MLO,1975.9562,330.77,17.668499999999995
1976,1,27774,1976.041,331.76,331.7,331.8,331.72,331.76,331.7, MLO,1976.041,331.76,17.753299999999854
1976,2,27805,1976.1257,332.58,331.89,332.49,331.8,332.58,331.89, MLO,1976.1257,332.58,17.837999999999965
1976,3,27834,1976.2049,333.5,332.13,333.27,331.88,333.5,332.13, MLO,1976.2049,333.5,17.917199999999866
1976,4,27865,1976.2896,334.59,332.14,334.43,331.96,334.59,332.14, MLO,1976.2896,334.59,18.001899999999978
1976,5,27895,1976.3716,334.89,331.9,335.02,332.04,334.89,331.9, MLO,1976.3716,334.89,18.083899999999858
1976,6,27926,1976.4563,334.34,332.1,334.35,332.12,334.34,332.1, MLO,1976.4563,334.34,18.16859999999997
1976,7,27956,1976.5383,333.06,332.39,332.85,332.21,333.06,332.39, MLO,1976.5383,333.06,18.25059999999985
1976,8,27987,1976.623,330.95,332.35,330.86,332.3,330.95,332.35, MLO,1976.623,330.95,18.33529999999996
1976,9,28018,1976.7077,329.31,332.4,329.3,332.41,329.31,332.4, MLO,1976.7077,329.31,18.419999999999845
1976,10,28048,1976.7896,328.95,332.11,329.37,332.52,328.95,332.11, MLO,1976.7896,328.95,18.501899999999978
1976,11,28079,1976.8743,330.32,332.3,330.69,332.65,330.32,332.3, MLO,1976.8743,330.32,18.586599999999862
1976,12,28109,1976.9563,331.69,332.5,332.0,332.79,331.69,332.5, MLO,1976.9563,331.69,18.66859999999997
1977,1,28140,1977.0411,332.94,332.88,333.02,332.95,332.94,332.88, MLO,1977.0411,332.94,18.75339999999983
1977,2,28171,1977.126,333.43,332.75,333.81,333.12,333.43,332.75, MLO,1977.126,333.43,18.83829999999989
1977,3,28199,1977.2027,334.71,333.36,334.65,333.28,334.71,333.36, MLO,1977.2027,334.71,18.914999999999964
1977,4,28230,1977.2877,336.08,333.64,335.92,333.46,336.08,333.64, MLO,1977.2877,336.08,19.0
1977,5,28260,1977.3699,336.76,333.76,336.64,333.64,336.76,333.76, MLO,1977.3699,336.76,19.08219999999983
1977,6,28291,1977.4548,336.28,334.0,336.08,333.82,336.28,334.0, MLO,1977.4548,336.28,19.16709999999989
1977,7,28321,1977.537,334.93,334.23,334.66,333.99,334.93,334.23, MLO,1977.537,334.93,19.24929999999995
1977,8,28352,1977.6219,332.76,334.14,332.74,334.16,332.76,334.14, MLO,1977.6219,332.76,19.33420000000001
1977,9,28383,1977.7068,331.6,334.69,331.21,334.32,331.6,334.69, MLO,1977.7068,331.6,19.419099999999844
1977,10,28413,1977.789,331.17,334.35,331.3,334.46,331.17,334.35, MLO,1977.789,331.17,19.5012999999999
1977,11,28444,1977.874,332.41,334.4,332.64,334.61,332.41,334.4, MLO,1977.874,332.41,19.586299999999937
1977,12,28474,1977.9562,333.86,334.66,333.95,334.74,333.86,334.66, MLO,1977.9562,333.86,19.668499999999995
1978,1,28505,1978.0411,334.98,334.92,334.95,334.88,334.98,334.92, MLO,1978.0411,334.98,19.75339999999983
1978,2,28536,1978.126,335.4,334.71,335.71,335.02,335.4,334.71, MLO,1978.126,335.4,19.83829999999989
1978,3,28564,1978.2027,336.65,335.29,336.51,335.13,336.65,335.29, MLO,1978.2027,336.65,19.914999999999964
1978,4,28595,1978.2877,337.76,335.32,337.72,335.26,337.76,335.32, MLO,1978.2877,337.76,20.0
1978,5,28625,1978.3699,338.02,335.02,338.38,335.38,338.02,335.02, MLO,1978.3699,338.02,20.08219999999983
1978,6,28656,1978.4548,337.91,335.63,337.76,335.5,337.91,335.63, MLO,1978.4548,337.91,20.16709999999989
1978,7,28686,1978.537,336.55,335.85,336.28,335.6,336.55,335.85, MLO,1978.537,336.55,20.24929999999995
1978,8,28717,1978.6219,334.69,336.08,334.29,335.71,334.69,336.08, MLO,1978.6219,334.69,20.33420000000001
1978,9,28748,1978.7068,332.77,335.86,332.7,335.81,332.77,335.86, MLO,1978.7068,332.77,20.419099999999844
1978,10,28778,1978.789,332.56,335.74,332.73,335.9,332.56,335.74, MLO,1978.789,332.56,20.5012999999999
1978,11,28809,1978.874,333.93,335.92,334.03,336.0,333.93,335.92, MLO,1978.874,333.93,20.586299999999937
1978,12,28839,1978.9562,334.96,335.77,335.3,336.09,334.96,335.77, MLO,1978.9562,334.96,20.668499999999995
1979,1,28870,1979.0411,336.24,336.18,336.28,336.2,336.24,336.18, MLO,1979.0411,336.24,20.75339999999983
1979,2,28901,1979.126,336.77,336.08,337.02,336.32,336.77,336.08, MLO,1979.126,336.77,20.83829999999989
1979,3,28929,1979.2027,337.97,336.61,337.8,336.43,337.97,336.61, MLO,1979.2027,337.97,20.914999999999964
1979,4,28960,1979.2877,338.89,336.44,339.02,336.55,338.89,336.44, MLO,1979.2877,338.89,21.0
1979,5,28990,1979.3699,339.48,336.47,339.69,336.68,339.48,336.47, MLO,1979.3699,339.48,21.08219999999983
1979,6,29021,1979.4548,339.3,337.01,339.08,336.82,339.3,337.01, MLO,1979.4548,339.3,21.16709999999989
1979,7,29051,1979.537,337.74,337.04,337.62,336.95,337.74,337.04, MLO,1979.537,337.74,21.24929999999995
1979,8,29082,1979.6219,336.1,337.49,335.67,337.09,336.1,337.49, MLO,1979.6219,336.1,21.33420000000001
1979,9,29113,1979.7068,333.93,337.03,334.12,337.24,333.93,337.03, MLO,1979.7068,333.93,21.419099999999844
1979,10,29143,1979.789,333.87,337.07,334.2,337.38,333.87,337.07, MLO,1979.789,333.87,21.5012999999999
1979,11,29174,1979.874,335.3,337.3,335.56,337.54,335.3,337.3, MLO,1979.874,335.3,21.586299999999937
1979,12,29204,1979.9562,336.74,337.56,336.9,337.69,336.74,337.56, MLO,1979.9562,336.74,21.668499999999995
1980,1,29235,1980.041,338.03,337.97,337.93,337.86,338.03,337.97, MLO,1980.041,338.03,21.753299999999854
1980,2,29266,1980.1257,338.37,337.68,338.73,338.03,338.37,337.68, MLO,1980.1257,338.37,21.837999999999965
1980,3,29295,1980.2049,340.09,338.7,339.59,338.18,340.09,338.7, MLO,1980.2049,340.09,21.917199999999866
1980,4,29326,1980.2896,340.78,338.3,340.84,338.34,340.78,338.3, MLO,1980.2896,340.78,22.001899999999978
1980,5,29356,1980.3716,341.48,338.46,341.51,338.49,341.48,338.46, MLO,1980.3716,341.48,22.083899999999858
1980,6,29387,1980.4563,341.19,338.91,340.89,338.64,341.19,338.91, MLO,1980.4563,341.19,22.16859999999997
1980,7,29417,1980.5383,339.57,338.89,339.43,338.78,339.57,338.89, MLO,1980.5383,339.57,22.25059999999985
1980,8,29448,1980.623,337.61,339.03,337.45,338.91,337.61,339.03, MLO,1980.623,337.61,22.33529999999996
1980,9,29479,1980.7077,335.9,339.02,335.89,339.03,335.9,339.02, MLO,1980.7077,335.9,22.419999999999845
1980,10,29509,1980.7896,336.03,339.23,335.96,339.14,336.03,339.23, MLO,1980.7896,336.03,22.501899999999978
1980,11,29540,1980.8743,337.12,339.12,337.28,339.25,337.12,339.12, MLO,1980.8743,337.12,22.586599999999862
1980,12,29570,1980.9563,338.23,339.05,338.56,339.36,338.23,339.05, MLO,1980.9563,338.23,22.66859999999997
1981,1,29601,1981.0411,339.25,339.19,339.53,339.46,339.25,339.19, MLO,1981.0411,339.25,22.75339999999983
1981,2,29632,1981.126,340.5,339.8,340.27,339.56,340.5,339.8, MLO,1981.126,340.5,22.83829999999989
1981,3,29660,1981.2027,341.4,340.03,341.04,339.65,341.4,340.03, MLO,1981.2027,341.4,22.914999999999964
1981,4,29691,1981.2877,342.52,340.06,342.23,339.74,342.52,340.06, MLO,1981.2877,342.52,23.0
1981,5,29721,1981.3699,342.93,339.9,342.86,339.83,342.93,339.9, MLO,1981.3699,342.93,23.08219999999983
1981,6,29752,1981.4548,342.27,339.97,342.19,339.91,342.27,339.97, MLO,1981.4548,342.27,23.16709999999989
1981,7,29782,1981.537,340.5,339.79,340.68,340.0,340.5,339.79, MLO,1981.537,340.5,23.24929999999995
1981,8,29813,1981.6219,338.45,339.85,338.66,340.09,338.45,339.85, MLO,1981.6219,338.45,23.33420000000001
1981,9,29844,1981.7068,336.71,339.83,337.05,340.18,336.71,339.83, MLO,1981.7068,336.71,23.419099999999844
1981,10,29874,1981.789,336.88,340.09,337.08,340.28,336.88,340.09, MLO,1981.789,336.88,23.5012999999999
1981,11,29905,1981.874,338.38,340.39,338.4,340.39,338.38,340.39, MLO,1981.874,338.38,23.586299999999937
1981,12,29935,1981.9562,339.63,340.45,339.7,340.5,339.63,340.45, MLO,1981.9562,339.63,23.668499999999995
1982,1,29966,1982.0411,340.77,340.71,340.68,340.61,340.77,340.71, MLO,1982.0411,340.77,23.75339999999983
1982,2,29997,1982.126,341.63,340.94,341.42,340.71,341.63,340.94, MLO,1982.126,341.63,23.83829999999989
1982,3,30025,1982.2027,342.72,341.34,342.19,340.8,342.72,341.34, MLO,1982.2027,342.72,23.914999999999964
1982,4,30056,1982.2877,343.59,341.11,343.38,340.89,343.59,341.11, MLO,1982.2877,343.59,24.0
1982,5,30086,1982.3699,344.16,341.12,344.01,340.98,344.16,341.12, MLO,1982.3699,344.16,24.08219999999983
1982,6,30117,1982.4548,343.37,341.06,343.34,341.06,343.37,341.06, MLO,1982.4548,343.37,24.16709999999989
1982,7,30147,1982.537,342.07,341.36,341.82,341.14,342.07,341.36, MLO,1982.537,342.07,24.24929999999995
1982,8,30178,1982.6219,339.83,341.23,339.78,341.22,339.83,341.23, MLO,1982.6219,339.83,24.33420000000001
1982,9,30209,1982.7068,338.0,341.13,338.16,341.3,338.0,341.13, MLO,1982.7068,338.0,24.419099999999844
1982,10,30239,1982.789,337.88,341.1,338.19,341.4,337.88,341.1, MLO,1982.789,337.88,24.5012999999999
1982,11,30270,1982.874,339.28,341.3,339.52,341.52,339.28,341.3, MLO,1982.874,339.28,24.586299999999937
1982,12,30300,1982.9562,340.51,341.33,340.84,341.65,340.51,341.33, MLO,1982.9562,340.51,24.668499999999995
1983,1,30331,1983.0411,341.4,341.33,341.87,341.8,341.4,341.33, MLO,1983.0411,341.4,24.75339999999983
1983,2,30362,1983.126,342.54,341.85,342.68,341.97,342.54,341.85, MLO,1983.126,342.54,24.83829999999989
1983,3,30390,1983.2027,343.12,341.74,343.53,342.14,343.12,341.74, MLO,1983.2027,343.12,24.914999999999964
1983,4,30421,1983.2877,344.96,342.48,344.82,342.33,344.96,342.48, MLO,1983.2877,344.96,25.0
1983,5,30451,1983.3699,345.77,342.73,345.56,342.51,345.77,342.73, MLO,1983.3699,345.77,25.08219999999983
1983,6,30482,1983.4548,345.34,343.02,345.0,342.71,345.34,343.02, MLO,1983.4548,345.34,25.16709999999989
1983,7,30512,1983.537,344.0,343.29,343.56,342.88,344.0,343.29, MLO,1983.537,344.0,25.24929999999995
1983,8,30543,1983.6219,342.4,343.8,341.62,343.06,342.4,343.8, MLO,1983.6219,342.4,25.33420000000001
1983,9,30574,1983.7068,339.89,343.02,340.07,343.22,339.89,343.02, MLO,1983.7068,339.89,25.419099999999844
1983,10,30604,1983.789,340.01,343.24,340.15,343.37,340.01,343.24, MLO,1983.789,340.01,25.5012999999999
1983,11,30635,1983.874,341.16,343.18,341.53,343.52,341.16,343.18, MLO,1983.874,341.16,25.586299999999937
1983,12,30665,1983.9562,342.99,343.81,342.86,343.67,342.99,343.81, MLO,1983.9562,342.99,25.668499999999995
1984,1,30696,1984.041,343.82,343.76,343.88,343.81,343.82,343.76, MLO,1984.041,343.82,25.753299999999854
1984,2,30727,1984.1257,344.62,343.92,344.66,343.95,344.62,343.92, MLO,1984.1257,344.62,25.837999999999965
1984,3,30756,1984.2049,345.38,343.98,345.5,344.08,345.38,343.98, MLO,1984.2049,345.38,25.917199999999866
1984,4,30787,1984.2896,347.15,344.63,346.74,344.21,347.15,344.63, MLO,1984.2896,347.15,26.001899999999978
1984,5,30817,1984.3716,347.52,344.47,347.38,344.33,347.52,344.47, MLO,1984.3716,347.52,26.083899999999858
1984,6,30848,1984.4563,346.88,344.58,346.73,344.45,346.88,344.58, MLO,1984.4563,346.88,26.16859999999997
1984,7,30878,1984.5383,345.47,344.78,345.22,344.57,345.47,344.78, MLO,1984.5383,345.47,26.25059999999985
1984,8,30909,1984.623,343.34,344.78,343.21,344.68,343.34,344.78, MLO,1984.623,343.34,26.33529999999996
1984,9,30940,1984.7077,341.13,344.29,341.62,344.8,341.13,344.29, MLO,1984.7077,341.13,26.419999999999845
1984,10,30970,1984.7896,341.4,344.63,341.69,344.91,341.4,344.63, MLO,1984.7896,341.4,26.501899999999978
1984,11,31001,1984.8743,343.02,345.04,343.03,345.03,343.02,345.04, MLO,1984.8743,343.02,26.586599999999862
1984,12,31031,1984.9563,344.25,345.07,344.35,345.15,344.25,345.07, MLO,1984.9563,344.25,26.66859999999997
1985,1,31062,1985.0411,344.99,344.93,345.35,345.28,344.99,344.93, MLO,1985.0411,344.99,26.75339999999983
1985,2,31093,1985.126,346.01,345.31,346.11,345.4,346.01,345.31, MLO,1985.126,346.01,26.83829999999989
1985,3,31121,1985.2027,347.43,346.05,346.91,345.51,347.43,346.05, MLO,1985.2027,347.43,26.914999999999964
1985,4,31152,1985.2877,348.34,345.85,348.13,345.62,348.34,345.85, MLO,1985.2877,348.34,27.0
1985,5,31182,1985.3699,348.92,345.86,348.79,345.72,348.92,345.86, MLO,1985.3699,348.92,27.08219999999983
1985,6,31213,1985.4548,348.24,345.91,348.13,345.82,348.24,345.91, MLO,1985.4548,348.24,27.16709999999989
1985,7,31243,1985.537,346.54,345.82,346.6,345.91,346.54,345.82, MLO,1985.537,346.54,27.24929999999995
1985,8,31274,1985.6219,344.64,346.05,344.55,346.0,344.64,346.05, MLO,1985.6219,344.64,27.33420000000001
1985,9,31305,1985.7068,343.06,346.21,342.91,346.08,343.06,346.21, MLO,1985.7068,343.06,27.419099999999844
1985,10,31335,1985.789,342.77,346.02,342.93,346.17,342.77,346.02, MLO,1985.789,342.77,27.5012999999999
1985,11,31366,1985.874,344.21,346.25,344.25,346.26,344.21,346.25, MLO,1985.874,344.21,27.586299999999937
1985,12,31396,1985.9562,345.53,346.36,345.54,346.35,345.53,346.36, MLO,1985.9562,345.53,27.668499999999995
1986,1,31427,1986.0411,346.28,346.21,346.52,346.45,346.28,346.21, MLO,1986.0411,346.28,27.75339999999983
1986,2,31458,1986.126,346.93,346.23,347.27,346.56,346.93,346.23, MLO,1986.126,346.93,27.83829999999989
1986,3,31486,1986.2027,347.83,346.44,348.07,346.67,347.83,346.44, MLO,1986.2027,347.83,27.914999999999964
1986,4,31517,1986.2877,349.53,347.03,349.31,346.79,349.53,347.03, MLO,1986.2877,349.53,28.0
1986,5,31547,1986.3699,350.19,347.12,349.98,346.91,350.19,347.12, MLO,1986.3699,350.19,28.08219999999983
1986,6,31578,1986.4548,349.54,347.2,349.36,347.04,349.54,347.2, MLO,1986.4548,349.54,28.16709999999989
1986,7,31608,1986.537,347.92,347.2,347.86,347.17,347.92,347.2, MLO,1986.537,347.92,28.24929999999995
1986,8,31639,1986.6219,345.88,347.3,345.84,347.3,345.88,347.3, MLO,1986.6219,345.88,28.33420000000001
1986,9,31670,1986.7068,344.83,348.0,344.24,347.43,344.83,348.0, MLO,1986.7068,344.83,28.419099999999844
1986,10,31700,1986.789,344.16,347.41,344.31,347.55,344.16,347.41, MLO,1986.789,344.16,28.5012999999999
1986,11,31731,1986.874,345.64,347.68,345.67,347.68,345.64,347.68, MLO,1986.874,345.64,28.586299999999937
1986,12,31761,1986.9562,346.88,347.71,347.01,347.82,346.88,347.71, MLO,1986.9562,346.88,28.668499999999995
1987,1,31792,1987.0411,348.0,347.94,348.04,347.96,348.0,347.94, MLO,1987.0411,348.0,28.75339999999983
1987,2,31823,1987.126,348.47,347.76,348.83,348.12,348.47,347.76, MLO,1987.126,348.47,28.83829999999989
1987,3,31851,1987.2027,349.41,348.01,349.67,348.26,349.41,348.01, MLO,1987.2027,349.41,28.914999999999964
1987,4,31882,1987.2877,350.97,348.46,350.96,348.44,350.97,348.46, MLO,1987.2877,350.97,29.0
1987,5,31912,1987.3699,351.84,348.76,351.69,348.61,351.84,348.76, MLO,1987.3699,351.84,29.08219999999983
1987,6,31943,1987.4548,351.25,348.91,351.12,348.8,351.25,348.91, MLO,1987.4548,351.25,29.16709999999989
1987,7,31973,1987.537,349.5,348.77,349.67,348.98,349.5,348.77, MLO,1987.537,349.5,29.24929999999995
1987,8,32004,1987.6219,348.08,349.51,347.72,349.18,348.08,349.51, MLO,1987.6219,348.08,29.33420000000001
1987,9,32035,1987.7068,346.44,349.61,346.18,349.37,346.44,349.61, MLO,1987.7068,346.44,29.419099999999844
1987,10,32065,1987.789,346.09,349.36,346.31,349.56,346.09,349.36, MLO,1987.789,346.09,29.5012999999999
1987,11,32096,1987.874,347.54,349.58,347.74,349.77,347.54,349.58, MLO,1987.874,347.54,29.586299999999937
1987,12,32126,1987.9562,348.69,349.52,349.15,349.96,348.69,349.52, MLO,1987.9562,348.69,29.668499999999995
1988,1,32157,1988.041,350.16,350.1,350.25,350.17,350.16,350.1, MLO,1988.041,350.16,29.753299999999854
1988,2,32188,1988.1257,351.47,350.76,351.1,350.38,351.47,350.76, MLO,1988.1257,351.47,29.837999999999965
1988,3,32217,1988.2049,351.96,350.54,352.01,350.57,351.96,350.54, MLO,1988.2049,351.96,29.917199999999866
1988,4,32248,1988.2896,353.33,350.79,353.33,350.77,353.33,350.79, MLO,1988.2896,353.33,30.001899999999978
1988,5,32278,1988.3716,353.97,350.88,354.05,350.96,353.97,350.88, MLO,1988.3716,353.97,30.083899999999858
1988,6,32309,1988.4563,353.55,351.23,353.45,351.15,353.55,351.23, MLO,1988.4563,353.55,30.16859999999997
1988,7,32339,1988.5383,352.14,351.44,351.98,351.32,352.14,351.44, MLO,1988.5383,352.14,30.25059999999985
1988,8,32370,1988.623,350.19,351.64,350.0,351.49,350.19,351.64, MLO,1988.623,350.19,30.33529999999996
1988,9,32401,1988.7077,348.5,351.69,348.44,351.65,348.5,351.69, MLO,1988.7077,348.5,30.419999999999845
1988,10,32431,1988.7896,348.66,351.93,348.53,351.79,348.66,351.93, MLO,1988.7896,348.66,30.501899999999978
1988,11,32462,1988.8743,349.85,351.89,349.9,351.92,349.85,351.89, MLO,1988.8743,349.85,30.586599999999862
1988,12,32492,1988.9563,351.12,351.95,351.23,352.05,351.12,351.95, MLO,1988.9563,351.12,30.66859999999997
1989,1,32523,1989.0411,352.55,352.49,352.24,352.17,352.55,352.49, MLO,1989.0411,352.55,30.75339999999983
1989,2,32554,1989.126,352.86,352.15,353.0,352.28,352.86,352.15, MLO,1989.126,352.86,30.83829999999989
1989,3,32582,1989.2027,353.48,352.08,353.8,352.38,353.48,352.08, MLO,1989.2027,353.48,30.914999999999964
1989,4,32613,1989.2877,355.21,352.69,355.02,352.49,355.21,352.69, MLO,1989.2877,355.21,31.0
1989,5,32643,1989.3699,355.47,352.37,355.68,352.59,355.47,352.37, MLO,1989.3699,355.47,31.08219999999983
1989,6,32674,1989.4548,354.92,352.57,355.02,352.69,354.92,352.57, MLO,1989.4548,354.92,31.16709999999989
1989,7,32704,1989.537,353.7,352.97,353.48,352.79,353.7,352.97, MLO,1989.537,353.7,31.24929999999995
1989,8,32735,1989.6219,351.47,352.9,351.42,352.88,351.47,352.9, MLO,1989.6219,351.47,31.33420000000001
1989,9,32766,1989.7068,349.61,352.8,349.77,352.98,349.61,352.8, MLO,1989.7068,349.61,31.419099999999844
1989,10,32796,1989.789,349.79,353.07,349.8,353.08,349.79,353.07, MLO,1989.789,349.79,31.5012999999999
1989,11,32827,1989.874,351.1,353.15,351.15,353.18,351.1,353.15, MLO,1989.874,351.1,31.586299999999937
1989,12,32857,1989.9562,352.32,353.16,352.46,353.28,352.32,353.16, MLO,1989.9562,352.32,31.668499999999995
1990,1,32888,1990.0411,353.46,353.4,353.46,353.38,353.46,353.4, MLO,1990.0411,353.46,31.75339999999983
1990,2,32919,1990.126,354.5,353.79,354.21,353.48,354.5,353.79, MLO,1990.126,354.5,31.83829999999989
1990,3,32947,1990.2027,355.19,353.78,355.0,353.58,355.19,353.78, MLO,1990.2027,355.19,31.914999999999964
1990,4,32978,1990.2877,356.0,353.47,356.23,353.68,356.0,353.47, MLO,1990.2877,356.0,32.0
1990,5,33008,1990.3699,356.96,353.86,356.89,353.79,356.96,353.86, MLO,1990.3699,356.96,32.08219999999983
1990,6,33039,1990.4548,356.04,353.68,356.24,353.91,356.04,353.68, MLO,1990.4548,356.04,32.16709999999989
1990,7,33069,1990.537,354.62,353.89,354.72,354.02,354.62,353.89, MLO,1990.537,354.62,32.24929999999995
1990,8,33100,1990.6219,352.71,354.15,352.69,354.16,352.71,354.15, MLO,1990.6219,352.71,32.33420000000001
1990,9,33131,1990.7068,350.77,353.98,351.08,354.29,350.77,353.98, MLO,1990.7068,350.77,32.419099999999844
1990,10,33161,1990.789,350.99,354.28,351.15,354.43,350.99,354.28, MLO,1990.789,350.99,32.5012999999999
1990,11,33192,1990.874,352.64,354.7,352.55,354.58,352.64,354.7, MLO,1990.874,352.64,32.58629999999994
1990,12,33222,1990.9562,354.02,354.85,353.91,354.73,354.02,354.85, MLO,1990.9562,354.02,32.668499999999995
1991,1,33253,1991.0411,354.53,354.46,354.95,354.87,354.53,354.46, MLO,1991.0411,354.53,32.75339999999983
1991,2,33284,1991.126,355.55,354.84,355.74,355.01,355.55,354.84, MLO,1991.126,355.55,32.83829999999989
1991,3,33312,1991.2027,356.96,355.55,356.55,355.13,356.96,355.55, MLO,1991.2027,356.96,32.914999999999964
1991,4,33343,1991.2877,358.4,355.86,357.8,355.25,358.4,355.86, MLO,1991.2877,358.4,33.0
1991,5,33373,1991.3699,359.14,356.03,358.45,355.34,359.14,356.03, MLO,1991.3699,359.14,33.08219999999983
1991,6,33404,1991.4548,358.04,355.68,357.76,355.42,358.04,355.68, MLO,1991.4548,358.04,33.16709999999989
1991,7,33434,1991.537,355.98,355.25,356.18,355.48,355.98,355.25, MLO,1991.537,355.98,33.24929999999995
1991,8,33465,1991.6219,353.81,355.25,354.07,355.54,353.81,355.25, MLO,1991.6219,353.81,33.33420000000001
1991,9,33496,1991.7068,351.95,355.16,352.38,355.6,351.95,355.16, MLO,1991.7068,351.95,33.419099999999844
1991,10,33526,1991.789,352.02,355.32,352.37,355.66,352.02,355.32, MLO,1991.789,352.02,33.5012999999999
1991,11,33557,1991.874,353.55,355.62,353.68,355.73,353.55,355.62, MLO,1991.874,353.55,33.58629999999994
1991,12,33587,1991.9562,354.79,355.63,354.97,355.79,354.79,355.63, MLO,1991.9562,354.79,33.668499999999995
1992,1,33618,1992.041,355.79,355.72,355.94,355.86,355.79,355.72, MLO,1992.041,355.79,33.753299999999854
1992,2,33649,1992.1257,356.52,355.81,356.66,355.93,356.52,355.81, MLO,1992.1257,356.52,33.837999999999965
1992,3,33678,1992.2049,357.61,356.17,357.45,356.0,357.61,356.17, MLO,1992.2049,357.61,33.917199999999866
1992,4,33709,1992.2896,358.95,356.38,358.64,356.06,358.95,356.38, MLO,1992.2896,358.95,34.00189999999998
1992,5,33739,1992.3716,359.46,356.34,359.23,356.11,359.46,356.34, MLO,1992.3716,359.46,34.08389999999986
1992,6,33770,1992.4563,359.06,356.7,358.48,356.16,359.06,356.7, MLO,1992.4563,359.06,34.16859999999997
1992,7,33800,1992.5383,356.82,356.12,356.86,356.19,356.82,356.12, MLO,1992.5383,356.82,34.25059999999985
1992,8,33831,1992.623,354.8,356.27,354.72,356.23,354.8,356.27, MLO,1992.623,354.8,34.33529999999996
1992,9,33862,1992.7077,352.81,356.03,353.01,356.26,352.81,356.03, MLO,1992.7077,352.81,34.419999999999845
1992,10,33892,1992.7896,353.11,356.42,352.99,356.29,353.11,356.42, MLO,1992.7896,353.11,34.50189999999998
1992,11,33923,1992.8743,353.96,356.03,354.28,356.33,353.96,356.03, MLO,1992.8743,353.96,34.58659999999986
1992,12,33953,1992.9563,355.2,356.04,355.55,356.37,355.2,356.04, MLO,1992.9563,355.2,34.66859999999997
1993,1,33984,1993.0411,356.5,356.44,356.5,356.42,356.5,356.44, MLO,1993.0411,356.5,34.75339999999983
1993,2,34015,1993.126,356.97,356.25,357.21,356.48,356.97,356.25, MLO,1993.126,356.97,34.83829999999989
1993,3,34043,1993.2027,358.18,356.76,357.98,356.55,358.18,356.76, MLO,1993.2027,358.18,34.914999999999964
1993,4,34074,1993.2877,359.26,356.71,359.19,356.63,359.26,356.71, MLO,1993.2877,359.26,35.0
1993,5,34104,1993.3699,360.08,356.95,359.84,356.71,360.08,356.95, MLO,1993.3699,360.08,35.08219999999983
1993,6,34135,1993.4548,359.4,357.02,359.16,356.8,359.4,357.02, MLO,1993.4548,359.4,35.16709999999989
1993,7,34165,1993.537,357.38,356.64,357.6,356.9,357.38,356.64, MLO,1993.537,357.38,35.24929999999995
1993,8,34196,1993.6219,355.33,356.77,355.53,357.01,355.33,356.77, MLO,1993.6219,355.33,35.33420000000001
1993,9,34227,1993.7068,353.5,356.73,353.9,357.14,353.5,356.73, MLO,1993.7068,353.5,35.419099999999844
1993,10,34257,1993.789,353.8,357.12,353.97,357.28,353.8,357.12, MLO,1993.789,353.8,35.5012999999999
1993,11,34288,1993.874,355.15,357.22,355.37,357.43,355.15,357.22, MLO,1993.874,355.15,35.58629999999994
1993,12,34318,1993.9562,356.62,357.46,356.76,357.59,356.62,357.46, MLO,1993.9562,356.62,35.668499999999995
1994,1,34349,1994.0411,358.19,358.12,357.83,357.76,358.19,358.12, MLO,1994.0411,358.19,35.75339999999983
1994,2,34380,1994.126,358.73,358.01,358.66,357.93,358.73,358.01, MLO,1994.126,358.73,35.83829999999989
1994,3,34408,1994.2027,359.79,358.37,359.52,358.08,359.79,358.37, MLO,1994.2027,359.79,35.914999999999964
1994,4,34439,1994.2877,361.09,358.53,360.83,358.25,361.09,358.53, MLO,1994.2877,361.09,36.0
1994,5,34469,1994.3699,361.51,358.38,361.55,358.42,361.51,358.38, MLO,1994.3699,361.51,36.08219999999983
1994,6,34500,1994.4548,360.78,358.39,360.95,358.58,360.78,358.39, MLO,1994.4548,360.78,36.16709999999989
1994,7,34530,1994.537,359.38,358.64,359.45,358.75,359.38,358.64, MLO,1994.537,359.38,36.24929999999995
1994,8,34561,1994.6219,357.3,358.75,357.44,358.92,357.3,358.75, MLO,1994.6219,357.3,36.33420000000001
1994,9,34592,1994.7068,355.68,358.92,355.85,359.1,355.68,358.92, MLO,1994.7068,355.68,36.419099999999844
1994,10,34622,1994.789,355.83,359.16,355.96,359.28,355.83,359.16, MLO,1994.789,355.83,36.5012999999999
1994,11,34653,1994.874,357.42,359.5,357.4,359.46,357.42,359.5, MLO,1994.874,357.42,36.58629999999994
1994,12,34683,1994.9562,358.87,359.72,358.82,359.64,358.87,359.72, MLO,1994.9562,358.87,36.668499999999995
1995,1,34714,1995.0411,359.81,359.74,359.91,359.83,359.81,359.74, MLO,1995.0411,359.81,36.75339999999983
1995,2,34745,1995.126,360.84,360.12,360.74,360.01,360.84,360.12, MLO,1995.126,360.84,36.83829999999989
1995,3,34773,1995.2027,361.48,360.06,361.61,360.18,361.48,360.06, MLO,1995.2027,361.48,36.914999999999964
1995,4,34804,1995.2877,363.3,360.74,362.93,360.35,363.3,360.74, MLO,1995.2877,363.3,37.0
1995,5,34834,1995.3699,363.64,360.5,363.66,360.52,363.64,360.5, MLO,1995.3699,363.64,37.08219999999983
1995,6,34865,1995.4548,363.11,360.72,363.06,360.68,363.11,360.72, MLO,1995.4548,363.11,37.16709999999989
1995,7,34895,1995.537,361.75,361.01,361.55,360.84,361.75,361.01, MLO,1995.537,361.75,37.24929999999995
1995,8,34926,1995.6219,359.31,360.76,359.52,361.01,359.31,360.76, MLO,1995.6219,359.31,37.33420000000001
1995,9,34957,1995.7068,357.91,361.16,357.91,361.17,357.91,361.16, MLO,1995.7068,357.91,37.419099999999844
1995,10,34987,1995.789,357.62,360.96,358.0,361.32,357.62,360.96, MLO,1995.789,357.62,37.5012999999999
1995,11,35018,1995.874,359.42,361.51,359.42,361.49,359.42,361.51, MLO,1995.874,359.42,37.58629999999994
1995,12,35048,1995.9562,360.56,361.41,360.81,361.64,360.56,361.41, MLO,1995.9562,360.56,37.668499999999995
1996,1,35079,1996.041,361.91,361.85,361.87,361.79,361.91,361.85, MLO,1996.041,361.91,37.753299999999854
1996,2,35110,1996.1257,363.11,362.39,362.67,361.94,363.11,362.39, MLO,1996.1257,363.11,37.837999999999965
1996,3,35139,1996.2049,363.89,362.43,363.54,362.07,363.89,362.43, MLO,1996.2049,363.89,37.917199999999866
1996,4,35170,1996.2896,364.58,361.99,364.81,362.2,364.58,361.99, MLO,1996.2896,364.58,38.00189999999998
1996,5,35200,1996.3716,365.29,362.13,365.47,362.31,365.29,362.13, MLO,1996.3716,365.29,38.08389999999986
1996,6,35231,1996.4563,364.84,362.47,364.78,362.42,364.84,362.47, MLO,1996.4563,364.84,38.16859999999997
1996,7,35261,1996.5383,363.52,362.81,363.2,362.52,363.52,362.81, MLO,1996.5383,363.52,38.25059999999985
1996,8,35292,1996.623,361.35,362.83,361.09,362.62,361.35,362.83, MLO,1996.623,361.35,38.33529999999996
1996,9,35323,1996.7077,359.32,362.58,359.42,362.7,359.32,362.58, MLO,1996.7077,359.32,38.419999999999845
1996,10,35353,1996.7896,359.48,362.82,359.45,362.78,359.48,362.82, MLO,1996.7896,359.48,38.50189999999998
1996,11,35384,1996.8743,360.64,362.73,360.8,362.86,360.64,362.73, MLO,1996.8743,360.64,38.58659999999986
1996,12,35414,1996.9563,362.21,363.06,362.11,362.94,362.21,363.06, MLO,1996.9563,362.21,38.66859999999997
1997,1,35445,1997.0411,363.06,363.0,363.1,363.03,363.06,363.0, MLO,1997.0411,363.06,38.75339999999983
1997,2,35476,1997.126,363.87,363.15,363.85,363.12,363.87,363.15, MLO,1997.126,363.87,38.83829999999989
1997,3,35504,1997.2027,364.44,363.01,364.65,363.2,364.44,363.01, MLO,1997.2027,364.44,38.914999999999964
1997,4,35535,1997.2877,366.23,363.65,365.91,363.31,366.23,363.65, MLO,1997.2877,366.23,39.0
1997,5,35565,1997.3699,366.68,363.51,366.6,363.43,366.68,363.51, MLO,1997.3699,366.68,39.08219999999983
1997,6,35596,1997.4548,365.52,363.11,365.95,363.57,365.52,363.11, MLO,1997.4548,365.52,39.16709999999989
1997,7,35626,1997.537,364.36,363.62,364.43,363.72,364.36,363.62, MLO,1997.537,364.36,39.24929999999995
1997,8,35657,1997.6219,362.38,363.85,362.4,363.9,362.38,363.85, MLO,1997.6219,362.38,39.33420000000001
1997,9,35688,1997.7068,360.08,363.34,360.82,364.1,360.08,363.34, MLO,1997.7068,360.08,39.419099999999844
1997,10,35718,1997.789,360.67,364.02,360.97,364.31,360.67,364.02, MLO,1997.789,360.67,39.5012999999999
1997,11,35749,1997.874,362.32,364.42,362.48,364.55,362.32,364.42, MLO,1997.874,362.32,39.58629999999994
1997,12,35779,1997.9562,364.17,365.02,363.97,364.8,364.17,365.02, MLO,1997.9562,364.17,39.668499999999995
1998,1,35810,1998.0411,365.22,365.15,365.15,365.07,365.22,365.15, MLO,1998.0411,365.22,39.75339999999983
1998,2,35841,1998.126,366.04,365.32,366.08,365.35,366.04,365.32, MLO,1998.126,366.04,39.83829999999989
1998,3,35869,1998.2027,367.2,365.77,367.05,365.6,367.2,365.77, MLO,1998.2027,367.2,39.914999999999964
1998,4,35900,1998.2877,368.5,365.92,368.47,365.87,368.5,365.92, MLO,1998.2877,368.5,40.0
1998,5,35930,1998.3699,369.19,366.02,369.31,366.13,369.19,366.02, MLO,1998.3699,369.19,40.08219999999983
1998,6,35961,1998.4548,368.77,366.36,368.79,366.4,368.77,366.36, MLO,1998.4548,368.77,40.16709999999989
1998,7,35991,1998.537,367.53,366.78,367.35,366.64,367.53,366.78, MLO,1998.537,367.53,40.24929999999995
1998,8,36022,1998.6219,365.67,367.14,365.37,366.87,365.67,367.14, MLO,1998.6219,365.67,40.33420000000001
1998,9,36053,1998.7068,363.8,367.07,363.8,367.09,363.8,367.07, MLO,1998.7068,363.8,40.419099999999844
1998,10,36083,1998.789,364.14,367.5,363.92,367.28,364.14,367.5, MLO,1998.789,364.14,40.5012999999999
1998,11,36114,1998.874,365.36,367.46,365.37,367.45,365.36,367.46, MLO,1998.874,365.36,40.58629999999994
1998,12,36144,1998.9562,366.87,367.72,366.77,367.61,366.87,367.72, MLO,1998.9562,366.87,40.668499999999995
1999,1,36175,1999.0411,368.05,367.99,367.82,367.74,368.05,367.99, MLO,1999.0411,368.05,40.75339999999983
1999,2,36206,1999.126,368.77,368.05,368.6,367.86,368.77,368.05, MLO,1999.126,368.77,40.83829999999989
1999,3,36234,1999.2027,369.49,368.05,369.4,367.95,369.49,368.05, MLO,1999.2027,369.49,40.914999999999964
1999,4,36265,1999.2877,371.04,368.45,370.64,368.03,371.04,368.45, MLO,1999.2877,371.04,41.0
1999,5,36295,1999.3699,370.9,367.72,371.28,368.1,370.9,367.72, MLO,1999.3699,370.9,41.08219999999983
1999,6,36326,1999.4548,370.25,367.83,370.57,368.17,370.25,367.83, MLO,1999.4548,370.25,41.16709999999989
1999,7,36356,1999.537,369.17,368.42,368.95,368.24,369.17,368.42, MLO,1999.537,369.17,41.24929999999995
1999,8,36387,1999.6219,366.83,368.3,366.81,368.31,366.83,368.3, MLO,1999.6219,366.83,41.33420000000001
1999,9,36418,1999.7068,364.54,367.82,365.09,368.39,364.54,367.82, MLO,1999.7068,364.54,41.419099999999844
1999,10,36448,1999.789,365.04,368.42,365.1,368.47,365.04,368.42, MLO,1999.789,365.04,41.5012999999999
1999,11,36479,1999.874,366.58,368.69,366.46,368.55,366.58,368.69, MLO,1999.874,366.58,41.58629999999994
1999,12,36509,1999.9562,367.91,368.77,367.8,368.64,367.91,368.77, MLO,1999.9562,367.91,41.668499999999995
2000,1,36540,2000.041,369.05,368.98,368.81,368.73,369.05,368.98, MLO,2000.041,369.05,41.753299999999854
2000,2,36571,2000.1257,369.37,368.64,369.57,368.83,369.37,368.64, MLO,2000.1257,369.37,41.837999999999965
2000,3,36600,2000.2049,370.42,368.95,370.41,368.92,370.42,368.95, MLO,2000.2049,370.42,41.917199999999866
2000,4,36631,2000.2896,371.57,368.94,371.67,369.03,371.57,368.94, MLO,2000.2896,371.57,42.00189999999998
2000,5,36661,2000.3716,371.74,368.55,372.34,369.15,371.74,368.55, MLO,2000.3716,371.74,42.08389999999986
2000,6,36692,2000.4563,371.6,369.2,371.66,369.28,371.6,369.2, MLO,2000.4563,371.6,42.16859999999997
2000,7,36722,2000.5383,370.02,369.31,370.1,369.41,370.02,369.31, MLO,2000.5383,370.02,42.25059999999985
2000,8,36753,2000.623,368.03,369.53,368.02,369.55,368.03,369.53, MLO,2000.623,368.03,42.33529999999996
2000,9,36784,2000.7077,366.53,369.83,366.38,369.7,366.53,369.83, MLO,2000.7077,366.53,42.419999999999845
2000,10,36814,2000.7896,366.64,370.02,366.47,369.84,366.64,370.02, MLO,2000.7896,366.64,42.50189999999998
2000,11,36845,2000.8743,368.2,370.32,367.89,369.98,368.2,370.32, MLO,2000.8743,368.2,42.58659999999986
2000,12,36875,2000.9563,369.44,370.3,369.27,370.11,369.44,370.3, MLO,2000.9563,369.44,42.66859999999997
2001,1,36906,2001.0411,370.2,370.13,370.32,370.24,370.2,370.13, MLO,2001.0411,370.2,42.75339999999983
2001,2,36937,2001.126,371.42,370.68,371.1,370.36,371.42,370.68, MLO,2001.126,371.42,42.83829999999989
2001,3,36965,2001.2027,372.04,370.59,371.93,370.47,372.04,370.59, MLO,2001.2027,372.04,42.914999999999964
2001,4,36996,2001.2877,372.78,370.18,373.22,370.59,372.78,370.18, MLO,2001.2877,372.78,43.0
2001,5,37026,2001.3699,373.94,370.74,373.91,370.71,373.94,370.74, MLO,2001.3699,373.94,43.08219999999983
2001,6,37057,2001.4548,373.23,370.8,373.25,370.84,373.23,370.8, MLO,2001.4548,373.23,43.16709999999989
2001,7,37087,2001.537,371.54,370.79,371.69,370.98,371.54,370.79, MLO,2001.537,371.54,43.24929999999995
2001,8,37118,2001.6219,369.47,370.95,369.61,371.12,369.47,370.95, MLO,2001.6219,369.47,43.33420000000001
2001,9,37149,2001.7068,367.88,371.18,367.96,371.27,367.88,371.18, MLO,2001.7068,367.88,43.419099999999844
2001,10,37179,2001.789,368.02,371.41,368.05,371.43,368.02,371.41, MLO,2001.789,368.02,43.5012999999999
2001,11,37210,2001.874,369.6,371.72,369.49,371.59,369.6,371.72, MLO,2001.874,369.6,43.58629999999994
2001,12,37240,2001.9562,371.15,372.02,370.91,371.75,371.15,372.02, MLO,2001.9562,371.15,43.668499999999995
2002,1,37271,2002.0411,372.36,372.29,372.0,371.93,372.36,372.29, MLO,2002.0411,372.36,43.75339999999983
2002,2,37302,2002.126,373.0,372.27,372.85,372.1,373.0,372.27, MLO,2002.126,373.0,43.83829999999989
2002,3,37330,2002.2027,373.44,371.99,373.73,372.26,373.44,371.99, MLO,2002.2027,373.44,43.914999999999964
2002,4,37361,2002.2877,374.77,372.16,375.08,372.45,374.77,372.16, MLO,2002.2877,374.77,44.0
2002,5,37391,2002.3699,375.48,372.27,375.85,372.65,375.48,372.27, MLO,2002.3699,375.48,44.08219999999983
2002,6,37422,2002.4548,375.34,372.9,375.27,372.86,375.34,372.9, MLO,2002.4548,375.34,44.16709999999989
2002,7,37452,2002.537,373.95,373.19,373.79,373.07,373.95,373.19, MLO,2002.537,373.95,44.24929999999995
2002,8,37483,2002.6219,371.41,372.89,371.78,373.29,371.41,372.89, MLO,2002.6219,371.41,44.33420000000001
2002,9,37514,2002.7068,370.63,373.93,370.2,373.53,370.63,373.93, MLO,2002.7068,370.63,44.419099999999844
2002,10,37544,2002.789,370.18,373.58,370.36,373.75,370.18,373.58, MLO,2002.789,370.18,44.5012999999999
2002,11,37575,2002.874,372.01,374.14,371.88,373.99,372.01,374.14, MLO,2002.874,372.01,44.58629999999994
2002,12,37605,2002.9562,373.71,374.58,373.36,374.21,373.71,374.58, MLO,2002.9562,373.71,44.668499999999995
2003,1,37636,2003.0411,374.61,374.55,374.51,374.43,374.61,374.55, MLO,2003.0411,374.61,44.75339999999983
2003,2,37667,2003.126,375.55,374.81,375.4,374.65,375.55,374.81, MLO,2003.126,375.55,44.83829999999989
2003,3,37695,2003.2027,376.04,374.58,376.32,374.85,376.04,374.58, MLO,2003.2027,376.04,44.914999999999964
2003,4,37726,2003.2877,377.58,374.96,377.7,375.06,377.58,374.96, MLO,2003.2877,377.58,45.0
2003,5,37756,2003.3699,378.28,375.06,378.48,375.27,378.28,375.06, MLO,2003.3699,378.28,45.08219999999983
2003,6,37787,2003.4548,378.07,375.62,377.89,375.47,378.07,375.62, MLO,2003.4548,378.07,45.16709999999989
2003,7,37817,2003.537,376.54,375.79,376.38,375.66,376.54,375.79, MLO,2003.537,376.54,45.24929999999995
2003,8,37848,2003.6219,374.42,375.9,374.33,375.85,374.42,375.9, MLO,2003.6219,374.42,45.33420000000001
2003,9,37879,2003.7068,372.92,376.23,372.7,376.03,372.92,376.23, MLO,2003.7068,372.92,45.419099999999844
2003,10,37909,2003.789,372.94,376.35,372.8,376.2,372.94,376.35, MLO,2003.789,372.94,45.5012999999999
2003,11,37940,2003.874,374.29,376.42,374.25,376.36,374.29,376.42, MLO,2003.874,374.29,45.58629999999994
2003,12,37970,2003.9562,375.63,376.49,375.65,376.5,375.63,376.49, MLO,2003.9562,375.63,45.668499999999995
2004,1,38001,2004.041,376.73,376.66,376.72,376.64,376.73,376.66, MLO,2004.041,376.73,45.753299999999854
2004,2,38032,2004.1257,377.31,376.57,377.53,376.78,377.31,376.57, MLO,2004.1257,377.31,45.837999999999965
2004,3,38061,2004.2049,378.33,376.85,378.4,376.9,378.33,376.85, MLO,2004.2049,378.33,45.917199999999866
2004,4,38092,2004.2896,380.44,377.79,379.69,377.02,380.44,377.79, MLO,2004.2896,380.44,46.00189999999998
2004,5,38122,2004.3716,380.56,377.33,380.36,377.14,380.56,377.33, MLO,2004.3716,380.56,46.08389999999986
2004,6,38153,2004.4563,379.49,377.07,379.66,377.26,379.49,377.07, MLO,2004.4563,379.49,46.16859999999997
2004,7,38183,2004.5383,377.7,376.98,378.07,377.38,377.7,376.98, MLO,2004.5383,377.7,46.25059999999985
2004,8,38214,2004.623,375.77,377.29,375.96,377.52,375.77,377.29, MLO,2004.623,375.77,46.33529999999996
2004,9,38245,2004.7077,373.99,377.33,374.32,377.67,373.99,377.33, MLO,2004.7077,373.99,46.419999999999845
2004,10,38275,2004.7896,374.17,377.59,374.43,377.83,374.17,377.59, MLO,2004.7896,374.17,46.50189999999998
2004,11,38306,2004.8743,375.8,377.93,375.9,378.01,375.8,377.93, MLO,2004.8743,375.8,46.58659999999986
2004,12,38336,2004.9563,377.39,378.26,377.35,378.2,377.39,378.26, MLO,2004.9563,377.39,46.66859999999997
2005,1,38367,2005.0411,378.29,378.22,378.48,378.41,378.29,378.22, MLO,2005.0411,378.29,46.75339999999983
2005,2,38398,2005.126,379.56,378.82,379.37,378.62,379.56,378.82, MLO,2005.126,379.56,46.83829999999989
2005,3,38426,2005.2027,380.07,378.61,380.3,378.82,380.07,378.61, MLO,2005.2027,380.07,46.914999999999964
2005,4,38457,2005.2877,382.01,379.38,381.69,379.04,382.01,379.38, MLO,2005.2877,382.01,47.0
2005,5,38487,2005.3699,382.21,378.98,382.49,379.25,382.21,378.98, MLO,2005.3699,382.21,47.08219999999983
2005,6,38518,2005.4548,382.05,379.59,381.91,379.47,382.05,379.59, MLO,2005.4548,382.05,47.16709999999989
2005,7,38548,2005.537,380.63,379.87,380.41,379.69,380.63,379.87, MLO,2005.537,380.63,47.24929999999995
2005,8,38579,2005.6219,378.63,380.13,378.37,379.9,378.63,380.13, MLO,2005.6219,378.63,47.33420000000001
2005,9,38610,2005.7068,376.39,379.72,376.76,380.11,376.39,379.72, MLO,2005.7068,376.39,47.419099999999844
2005,10,38640,2005.789,376.77,380.2,376.89,380.31,376.77,380.2, MLO,2005.789,376.77,47.5012999999999
2005,11,38671,2005.874,378.27,380.42,378.38,380.5,378.27,380.42, MLO,2005.874,378.27,47.58629999999994
2005,12,38701,2005.9562,379.93,380.8,379.84,380.69,379.93,380.8, MLO,2005.9562,379.93,47.668499999999995
2006,1,38732,2006.0411,381.33,381.27,380.95,380.87,381.33,381.27, MLO,2006.0411,381.33,47.75339999999983
2006,2,38763,2006.126,381.98,381.24,381.8,381.05,381.98,381.24, MLO,2006.126,381.98,47.83829999999989
2006,3,38791,2006.2027,382.53,381.06,382.68,381.2,382.53,381.06, MLO,2006.2027,382.53,47.914999999999964
2006,4,38822,2006.2877,384.33,381.69,384.01,381.36,384.33,381.69, MLO,2006.2877,384.33,48.0
2006,5,38852,2006.3699,384.89,381.65,384.74,381.5,384.89,381.65, MLO,2006.3699,384.89,48.08219999999983
2006,6,38883,2006.4548,384.0,381.53,384.09,381.65,384.0,381.53, MLO,2006.4548,384.0,48.16709999999989
2006,7,38913,2006.537,382.25,381.49,382.52,381.79,382.25,381.49, MLO,2006.537,382.25,48.24929999999995
2006,8,38944,2006.6219,380.44,381.94,380.41,381.94,380.44,381.94, MLO,2006.6219,380.44,48.33420000000001
2006,9,38975,2006.7068,378.77,382.11,378.73,382.09,378.77,382.11, MLO,2006.7068,378.77,48.419099999999844
2006,10,39005,2006.789,379.03,382.47,378.81,382.23,379.03,382.47, MLO,2006.789,379.03,48.5012999999999
2006,11,39036,2006.874,380.11,382.26,380.26,382.38,380.11,382.26, MLO,2006.874,380.11,48.58629999999994
2006,12,39066,2006.9562,381.63,382.5,381.67,382.53,381.63,382.5, MLO,2006.9562,381.63,48.668499999999995
2007,1,39097,2007.0411,382.55,382.48,382.76,382.68,382.55,382.48, MLO,2007.0411,382.55,48.75339999999983
2007,2,39128,2007.126,383.68,382.94,383.6,382.84,383.68,382.94, MLO,2007.126,383.68,48.83829999999989
2007,3,39156,2007.2027,384.31,382.84,384.47,382.98,384.31,382.84, MLO,2007.2027,384.31,48.914999999999964
2007,4,39187,2007.2877,386.2,383.55,385.81,383.14,386.2,383.55, MLO,2007.2877,386.2,49.0
2007,5,39217,2007.3699,386.38,383.13,386.55,383.3,386.38,383.13, MLO,2007.3699,386.38,49.08219999999983
2007,6,39248,2007.4548,385.85,383.38,385.91,383.46,385.85,383.38, MLO,2007.4548,385.85,49.16709999999989
2007,7,39278,2007.537,384.42,383.65,384.35,383.62,384.42,383.65, MLO,2007.537,384.42,49.24929999999995
2007,8,39309,2007.6219,381.81,383.31,382.24,383.78,381.81,383.31, MLO,2007.6219,381.81,49.33420000000001
2007,9,39340,2007.7068,380.83,384.18,380.57,383.94,380.83,384.18, MLO,2007.7068,380.83,49.419099999999844
2007,10,39370,2007.789,380.83,384.28,380.66,384.1,380.83,384.28, MLO,2007.789,380.83,49.5012999999999
2007,11,39401,2007.874,382.32,384.48,382.12,384.25,382.32,384.48, MLO,2007.874,382.32,49.58629999999994
2007,12,39431,2007.9562,383.58,384.46,383.54,384.4,383.58,384.46, MLO,2007.9562,383.58,49.668499999999995
2008,1,39462,2008.041,385.04,384.97,384.63,384.55,385.04,384.97, MLO,2008.041,385.04,49.753299999999854
2008,2,39493,2008.1257,385.81,385.07,385.45,384.7,385.81,385.07, MLO,2008.1257,385.81,49.837999999999965
2008,3,39522,2008.2049,385.8,384.3,386.36,384.84,385.8,384.3, MLO,2008.2049,385.8,49.917199999999866
2008,4,39553,2008.2896,386.74,384.06,387.69,384.99,386.74,384.06, MLO,2008.2896,386.74,50.00189999999998
2008,5,39583,2008.3716,388.48,385.23,388.41,385.15,388.48,385.23, MLO,2008.3716,388.48,50.08389999999986
2008,6,39614,2008.4563,388.02,385.57,387.75,385.32,388.02,385.57, MLO,2008.4563,388.02,50.16859999999997
2008,7,39644,2008.5383,386.22,385.49,386.18,385.48,386.22,385.49, MLO,2008.5383,386.22,50.25059999999985
2008,8,39675,2008.623,384.05,385.58,384.08,385.65,384.05,385.58, MLO,2008.623,384.05,50.33529999999996
2008,9,39706,2008.7077,383.05,386.42,382.43,385.81,383.05,386.42, MLO,2008.7077,383.05,50.419999999999845
2008,10,39736,2008.7896,382.75,386.2,382.53,385.97,382.75,386.2, MLO,2008.7896,382.75,50.50189999999998
2008,11,39767,2008.8743,383.98,386.14,384.0,386.13,383.98,386.14, MLO,2008.8743,383.98,50.58659999999986
2008,12,39797,2008.9563,385.08,385.96,385.42,386.28,385.08,385.96, MLO,2008.9563,385.08,50.66859999999997
2009,1,39828,2009.0411,386.63,386.56,386.52,386.44,386.63,386.56, MLO,2009.0411,386.63,50.75339999999983
2009,2,39859,2009.126,387.1,386.36,387.36,386.6,387.1,386.36, MLO,2009.126,387.1,50.83829999999989
2009,3,39887,2009.2027,388.5,387.02,388.24,386.75,388.5,387.02, MLO,2009.2027,388.5,50.914999999999964
2009,4,39918,2009.2877,389.54,386.88,389.6,386.92,389.54,386.88, MLO,2009.2877,389.54,51.0
2009,5,39948,2009.3699,390.15,386.88,390.35,387.09,390.15,386.88, MLO,2009.3699,390.15,51.08219999999983
2009,6,39979,2009.4548,389.6,387.12,389.73,387.27,389.6,387.12, MLO,2009.4548,389.6,51.16709999999989
2009,7,40009,2009.537,388.05,387.28,388.19,387.46,388.05,387.28, MLO,2009.537,388.05,51.24929999999995
2009,8,40040,2009.6219,386.06,387.57,386.11,387.66,386.06,387.57, MLO,2009.6219,386.06,51.33420000000001
2009,9,40071,2009.7068,384.64,388.0,384.49,387.87,384.64,388.0, MLO,2009.7068,384.64,51.419099999999844
2009,10,40101,2009.789,384.33,387.79,384.63,388.08,384.33,387.79, MLO,2009.789,384.33,51.5012999999999
2009,11,40132,2009.874,386.05,388.22,386.16,388.31,386.05,388.22, MLO,2009.874,386.05,51.58629999999994
2009,12,40162,2009.9562,387.48,388.37,387.67,388.53,387.48,388.37, MLO,2009.9562,387.48,51.668499999999995
2010,1,40193,2010.0411,388.55,388.49,388.84,388.76,388.55,388.49, MLO,2010.0411,388.55,51.75339999999983
2010,2,40224,2010.126,390.08,389.33,389.75,388.99,390.08,389.33, MLO,2010.126,390.08,51.83829999999989
2010,3,40252,2010.2027,391.02,389.54,390.68,389.18,391.02,389.54, MLO,2010.2027,391.02,51.914999999999964
2010,4,40283,2010.2877,392.39,389.72,392.08,389.39,392.39,389.72, MLO,2010.2877,392.39,52.0
2010,5,40313,2010.3699,393.24,389.96,392.86,389.59,393.24,389.96, MLO,2010.3699,393.24,52.08219999999983
2010,6,40344,2010.4548,392.26,389.77,392.24,389.78,392.26,389.77, MLO,2010.4548,392.26,52.16709999999989
2010,7,40374,2010.537,390.35,389.58,390.68,389.95,390.35,389.58, MLO,2010.537,390.35,52.24929999999995
2010,8,40405,2010.6219,388.53,390.04,388.57,390.12,388.53,390.04, MLO,2010.6219,388.53,52.33420000000001
2010,9,40436,2010.7068,386.85,390.23,386.89,390.29,386.85,390.23, MLO,2010.7068,386.85,52.419099999999844
2010,10,40466,2010.789,387.18,390.66,386.98,390.44,387.18,390.66, MLO,2010.789,387.18,52.5012999999999
2010,11,40497,2010.874,388.69,390.87,388.45,390.6,388.69,390.87, MLO,2010.874,388.69,52.58629999999994
2010,12,40527,2010.9562,389.83,390.72,389.87,390.74,389.83,390.72, MLO,2010.9562,389.83,52.668499999999995
2011,1,40558,2011.0411,391.33,391.26,390.95,390.87,391.33,391.26, MLO,2011.0411,391.33,52.75339999999983
2011,2,40589,2011.126,391.96,391.21,391.77,391.01,391.96,391.21, MLO,2011.126,391.96,52.83829999999989
2011,3,40617,2011.2027,392.49,391.0,392.63,391.13,392.49,391.0, MLO,2011.2027,392.49,52.914999999999964
2011,4,40648,2011.2877,393.4,390.73,393.96,391.27,393.4,390.73, MLO,2011.2877,393.4,53.0
2011,5,40678,2011.3699,394.33,391.04,394.7,391.42,394.33,391.04, MLO,2011.3699,394.33,53.08219999999983
2011,6,40709,2011.4548,393.75,391.25,394.05,391.58,393.75,391.25, MLO,2011.4548,393.75,53.16709999999989
2011,7,40739,2011.537,392.64,391.87,392.48,391.74,392.64,391.87, MLO,2011.537,392.64,53.24929999999995
2011,8,40770,2011.6219,390.25,391.76,390.36,391.92,390.25,391.76, MLO,2011.6219,390.25,53.33420000000001
2011,9,40801,2011.7068,389.05,392.44,388.69,392.1,389.05,392.44, MLO,2011.7068,389.05,53.419099999999844
2011,10,40831,2011.789,388.98,392.47,388.8,392.28,388.98,392.47, MLO,2011.789,388.98,53.5012999999999
2011,11,40862,2011.874,390.3,392.48,390.31,392.46,390.3,392.48, MLO,2011.874,390.3,53.58629999999994
2011,12,40892,2011.9562,391.86,392.75,391.77,392.64,391.86,392.75, MLO,2011.9562,391.86,53.668499999999995
2012,1,40923,2012.041,393.13,393.07,392.91,392.83,393.13,393.07, MLO,2012.041,393.13,53.753299999999854
2012,2,40954,2012.1257,393.42,392.66,393.79,393.03,393.42,392.66, MLO,2012.1257,393.42,53.837999999999965
2012,3,40983,2012.2049,394.43,392.92,394.75,393.21,394.43,392.92, MLO,2012.2049,394.43,53.917199999999866
2012,4,41014,2012.2896,396.51,393.8,396.14,393.42,396.51,393.8, MLO,2012.2896,396.51,54.00189999999998
2012,5,41044,2012.3716,396.96,393.67,396.91,393.62,396.96,393.67, MLO,2012.3716,396.96,54.08389999999986
2012,6,41075,2012.4563,395.97,393.49,396.3,393.84,395.97,393.49, MLO,2012.4563,395.97,54.16859999999997
2012,7,41105,2012.5383,394.6,393.86,394.77,394.06,394.6,393.86, MLO,2012.5383,394.6,54.25059999999985
2012,8,41136,2012.623,392.61,394.16,392.71,394.3,392.61,394.16, MLO,2012.623,392.61,54.33529999999996
2012,9,41167,2012.7077,391.2,394.61,391.11,394.54,391.2,394.61, MLO,2012.7077,391.2,54.419999999999845
2012,10,41197,2012.7896,391.09,394.58,391.3,394.77,391.09,394.58, MLO,2012.7896,391.09,54.50189999999998
2012,11,41228,2012.8743,393.03,395.2,392.86,395.01,393.03,395.2, MLO,2012.8743,393.03,54.58659999999986
2012,12,41258,2012.9563,394.42,395.3,394.38,395.25,394.42,395.3, MLO,2012.9563,394.42,54.66859999999997
2013,1,41289,2013.0411,395.69,395.63,395.56,395.48,395.69,395.63, MLO,2013.0411,395.69,54.75339999999983
2013,2,41320,2013.126,396.94,396.18,396.48,395.71,396.94,396.18, MLO,2013.126,396.94,54.83829999999989
2013,3,41348,2013.2027,397.36,395.86,397.42,395.91,397.36,395.86, MLO,2013.2027,397.36,54.914999999999964
2013,4,41379,2013.2877,398.44,395.75,398.83,396.12,398.44,395.75, MLO,2013.2877,398.44,55.0
2013,5,41409,2013.3699,400.06,396.76,399.63,396.32,400.06,396.76, MLO,2013.3699,400.06,55.08219999999983
2013,6,41440,2013.4548,398.96,396.45,399.01,396.53,398.96,396.45, MLO,2013.4548,398.96,55.16709999999989
2013,7,41470,2013.537,397.45,396.68,397.46,396.72,397.45,396.68, MLO,2013.537,397.45,55.24929999999995
2013,8,41501,2013.6219,395.48,397.01,395.35,396.91,395.48,397.01, MLO,2013.6219,395.48,55.33420000000001
2013,9,41532,2013.7068,393.47,396.88,393.68,397.1,393.47,396.88, MLO,2013.7068,393.47,55.419099999999844
2013,10,41562,2013.789,393.77,397.28,393.79,397.28,393.77,397.28, MLO,2013.789,393.77,55.5012999999999
2013,11,41593,2013.874,395.27,397.46,395.29,397.46,395.27,397.46, MLO,2013.874,395.27,55.58629999999994
2013,12,41623,2013.9562,396.9,397.79,396.76,397.63,396.9,397.79, MLO,2013.9562,396.9,55.668499999999995
2014,1,41654,2014.0411,398.01,397.94,397.89,397.8,398.01,397.94, MLO,2014.0411,398.01,55.75339999999983
2014,2,41685,2014.126,398.18,397.42,398.75,397.98,398.18,397.42, MLO,2014.126,398.18,55.83829999999989
2014,3,41713,2014.2027,399.56,398.06,399.64,398.13,399.56,398.06, MLO,2014.2027,399.56,55.914999999999964
2014,4,41744,2014.2877,401.43,398.74,401.01,398.3,401.43,398.74, MLO,2014.2877,401.43,56.0
2014,5,41774,2014.3699,401.98,398.67,401.77,398.46,401.98,398.67, MLO,2014.3699,401.98,56.08219999999983
2014,6,41805,2014.4548,401.41,398.9,401.11,398.62,401.41,398.9, MLO,2014.4548,401.41,56.16709999999989
2014,7,41835,2014.537,399.17,398.39,399.51,398.77,399.17,398.39, MLO,2014.537,399.17,56.24929999999995
2014,8,41866,2014.6219,397.29,398.82,397.36,398.93,397.29,398.82, MLO,2014.6219,397.29,56.33420000000001
2014,9,41897,2014.7068,395.48,398.9,395.66,399.09,395.48,398.9, MLO,2014.7068,395.48,56.419099999999844
2014,10,41927,2014.789,395.74,399.25,395.75,399.25,395.74,399.25, MLO,2014.789,395.74,56.5012999999999
2014,11,41958,2014.874,397.32,399.51,397.25,399.42,397.32,399.51, MLO,2014.874,397.32,56.58629999999994
2014,12,41988,2014.9562,398.89,399.78,398.71,399.59,398.89,399.78, MLO,2014.9562,398.89,56.668499999999995
2015,1,42019,2015.0411,399.95,399.88,399.84,399.76,399.95,399.88, MLO,2015.0411,399.95,56.75339999999983
2015,2,42050,2015.126,400.4,399.64,400.71,399.94,400.4,399.64, MLO,2015.126,400.4,56.83829999999989
2015,3,42078,2015.2027,401.6,400.1,401.63,400.11,401.6,400.1, MLO,2015.2027,401.6,56.914999999999964
2015,4,42109,2015.2877,403.52,400.82,403.03,400.3,403.52,400.82, MLO,2015.2877,403.52,57.0
2015,5,42139,2015.3699,404.03,400.71,403.82,400.5,404.03,400.71, MLO,2015.3699,404.03,57.08219999999983
2015,6,42170,2015.4548,402.81,400.29,403.22,400.72,402.81,400.29, MLO,2015.4548,402.81,57.16709999999989
2015,7,42200,2015.537,401.54,400.76,401.7,400.95,401.54,400.76, MLO,2015.537,401.54,57.24929999999995
2015,8,42231,2015.6219,398.93,400.46,399.65,401.22,398.93,400.46, MLO,2015.6219,398.93,57.33420000000001
2015,9,42262,2015.7068,397.43,400.85,398.06,401.5,397.43,400.85, MLO,2015.7068,397.43,57.419099999999844
2015,10,42292,2015.789,398.22,401.74,398.28,401.79,398.22,401.74, MLO,2015.789,398.22,57.5012999999999
2015,11,42323,2015.874,400.17,402.37,399.93,402.1,400.17,402.37, MLO,2015.874,400.17,57.58629999999994
2015,12,42353,2015.9562,401.82,402.72,401.53,402.41,401.82,402.72, MLO,2015.9562,401.82,57.668499999999995
2016,1,42384,2016.041,402.57,402.5,402.81,402.73,402.57,402.5, MLO,2016.041,402.57,57.753299999999854
2016,2,42415,2016.1257,404.1,403.34,403.81,403.04,404.1,403.34, MLO,2016.1257,404.1,57.837999999999965
2016,3,42444,2016.2049,404.79,403.26,404.86,403.31,404.79,403.26, MLO,2016.2049,404.79,57.917199999999866
2016,4,42475,2016.2896,407.48,404.75,406.35,403.59,407.48,404.75, MLO,2016.2896,407.48,58.00189999999998
2016,5,42505,2016.3716,407.6,404.27,407.17,403.84,407.6,404.27, MLO,2016.3716,407.6,58.08389999999986
2016,6,42536,2016.4563,406.94,404.44,406.57,404.08,406.94,404.44, MLO,2016.4563,406.94,58.16859999999997
2016,7,42566,2016.5383,404.43,403.68,405.02,404.31,404.43,403.68, MLO,2016.5383,404.43,58.25059999999985
2016,8,42597,2016.623,402.16,403.73,402.93,404.53,402.16,403.73, MLO,2016.623,402.16,58.33529999999996
2016,9,42628,2016.7077,400.94,404.39,401.29,404.75,400.94,404.39, MLO,2016.7077,400.94,58.419999999999845
2016,10,42658,2016.7896,401.43,404.96,401.45,404.96,401.43,404.96, MLO,2016.7896,401.43,58.50189999999998
2016,11,42689,2016.8743,403.57,405.77,402.99,405.17,403.57,405.77, MLO,2016.8743,403.57,58.58659999999986
2016,12,42719,2016.9563,404.49,405.38,404.49,405.36,404.49,405.38, MLO,2016.9563,404.49,58.66859999999997
2017,1,42750,2017.0411,406.0,405.93,405.64,405.56,406.0,405.93, MLO,2017.0411,406.0,58.75339999999983
2017,2,42781,2017.126,406.57,405.81,406.52,405.74,406.57,405.81, MLO,2017.126,406.57,58.83829999999989
2017,3,42809,2017.2027,406.99,405.48,407.42,405.9,406.99,405.48, MLO,2017.2027,406.99,58.914999999999964
2017,4,42840,2017.2877,408.88,406.17,408.8,406.07,408.88,406.17, MLO,2017.2877,408.88,59.0
2017,5,42870,2017.3699,409.84,406.5,409.57,406.23,409.84,406.5, MLO,2017.3699,409.84,59.08219999999983
2017,6,42901,2017.4548,409.04,406.51,408.9,406.39,409.04,406.51, MLO,2017.4548,409.04,59.16709999999989
2017,7,42931,2017.537,407.14,406.36,407.29,406.54,407.14,406.36, MLO,2017.537,407.14,59.24929999999995
2017,8,42962,2017.6219,405.19,406.73,405.12,406.7,405.19,406.73, MLO,2017.6219,405.19,59.33420000000001
2017,9,42993,2017.7068,403.2,406.64,403.4,406.86,403.2,406.64, MLO,2017.7068,403.2,59.419099999999844
2017,10,43023,2017.789,403.56,407.11,403.48,407.01,403.56,407.11, MLO,2017.789,403.56,59.5012999999999
2017,11,43054,2017.874,405.1,407.31,404.97,407.16,405.1,407.31, MLO,2017.874,405.1,59.58629999999994
2017,12,43084,2017.9562,406.68,407.58,406.43,407.31,406.68,407.58, MLO,2017.9562,406.68,59.668499999999995
2018,1,43115,2018.0411,407.98,407.91,407.55,407.47,407.98,407.91, MLO,2018.0411,407.98,59.75339999999983
2018,2,43146,2018.126,408.35,407.59,408.41,407.63,408.35,407.59, MLO,2018.126,408.35,59.83829999999989
2018,3,43174,2018.2027,409.21,407.7,409.31,407.78,409.21,407.7, MLO,2018.2027,409.21,59.914999999999964
2018,4,43205,2018.2877,410.23,407.51,410.71,407.97,410.23,407.51, MLO,2018.2877,410.23,60.0
2018,5,43235,2018.3699,411.23,407.89,411.5,408.16,411.23,407.89, MLO,2018.3699,411.23,60.08219999999983
2018,6,43266,2018.4548,410.81,408.27,410.89,408.38,410.81,408.27, MLO,2018.4548,410.81,60.16709999999989
2018,7,43296,2018.537,408.83,408.05,409.35,408.6,408.83,408.05, MLO,2018.537,408.83,60.24929999999995
2018,8,43327,2018.6219,407.02,408.57,407.27,408.85,407.02,408.57, MLO,2018.6219,407.02,60.33420000000001
2018,9,43358,2018.7068,405.53,408.98,405.65,409.12,405.53,408.98, MLO,2018.7068,405.53,60.419099999999844
2018,10,43388,2018.789,405.93,409.48,405.85,409.38,405.93,409.48, MLO,2018.789,405.93,60.5012999999999
2018,11,43419,2018.874,408.05,410.27,407.46,409.65,408.05,410.27, MLO,2018.874,408.05,60.58629999999994
2018,12,43449,2018.9562,409.16,410.06,409.03,409.91,409.16,410.06, MLO,2018.9562,409.16,60.668499999999995
2019,1,43480,2019.0411,410.85,410.78,410.25,410.17,410.85,410.78, MLO,2019.0411,410.85,60.75339999999983
2019,2,43511,2019.126,411.58,410.81,411.19,410.41,411.58,410.81, MLO,2019.126,411.58,60.83829999999989
2019,3,43539,2019.2027,411.9,410.38,412.16,410.63,411.9,410.38, MLO,2019.2027,411.9,60.914999999999964
2019,4,43570,2019.2877,413.46,410.73,413.61,410.86,413.46,410.73, MLO,2019.2877,413.46,61.0
2019,5,43600,2019.3699,414.75,411.4,414.43,411.08,414.75,411.4, MLO,2019.3699,414.75,61.08219999999983
2019,6,43631,2019.4548,413.89,411.35,413.82,411.3,413.89,411.35, MLO,2019.4548,413.89,61.16709999999989
2019,7,43661,2019.537,411.79,411.01,412.26,411.51,411.79,411.01, MLO,2019.537,411.79,61.24929999999995
2019,8,43692,2019.6219,410.02,411.57,410.15,411.73,410.02,411.57, MLO,2019.6219,410.02,61.33420000000001
2019,9,43723,2019.7068,408.48,411.93,408.48,411.95,408.48,411.93, MLO,2019.7068,408.48,61.419099999999844
2019,10,43753,2019.789,408.4,411.95,408.63,412.17,408.4,411.95, MLO,2019.789,408.4,61.5012999999999
2019,11,43784,2019.874,410.16,412.38,410.19,412.39,410.16,412.38, MLO,2019.874,410.16,61.58629999999994
2019,12,43814,2019.9562,411.81,412.71,411.72,412.61,411.81,412.71, MLO,2019.9562,411.81,61.668499999999995
2020,1,43845,2020.041,413.32,413.25,412.91,412.82,413.32,413.25, MLO,2020.041,413.32,61.753299999999854
2020,2,43876,2020.1257,414.04,413.27,413.81,413.03,414.04,413.27, MLO,2020.1257,414.04,61.837999999999965
2020,3,43905,2020.2049,414.44,412.9,414.79,413.23,414.44,412.9, MLO,2020.2049,414.44,61.917199999999866
2020,4,43936,2020.2896,416.11,413.34,416.22,413.43,416.11,413.34, MLO,2020.2896,416.11,62.00189999999998
2020,5,43966,2020.3716,417.16,413.8,416.99,413.63,417.16,413.8, MLO,2020.3716,417.16,62.08389999999986
2020,6,43997,2020.4563,416.29,413.76,416.34,413.83,416.29,413.76, MLO,2020.4563,416.29,62.16859999999997
2020,7,44027,2020.5383,414.43,413.67,414.75,414.02,414.43,413.67, MLO,2020.5383,414.43,62.25059999999985
2020,8,44058,2020.623,412.52,414.11,412.6,414.22,412.52,414.11, MLO,2020.623,412.52,62.33529999999996
2020,9,44089,2020.7077,411.17,414.65,410.93,414.42,411.17,414.65, MLO,2020.7077,411.17,62.419999999999845
2020,10,44119,2020.7896,411.12,414.68,411.06,414.61,411.12,414.68, MLO,2020.7896,411.12,62.50189999999998
2020,11,44150,2020.8743,412.89,415.12,412.6,414.8,412.89,415.12, MLO,2020.8743,412.89,62.58659999999986
2020,12,44180,2020.9563,413.88,414.79,414.09,414.98,413.88,414.79, MLO,2020.9563,413.88,62.66859999999997
2021,1,44211,2021.0411,415.15,415.08,415.24,415.16,415.15,415.08, MLO,2021.0411,415.15,62.75339999999983
2021,2,44242,2021.126,416.47,415.7,416.11,415.33,416.47,415.7, MLO,2021.126,416.47,62.83829999999989
2021,3,44270,2021.2027,417.1,415.57,417.03,415.49,417.1,415.57, MLO,2021.2027,417.1,62.914999999999964
2021,4,44301,2021.2877,418.26,415.51,418.42,415.66,418.26,415.51, MLO,2021.2877,418.26,63.0
2021,5,44331,2021.3699,418.95,415.58,419.2,415.83,418.95,415.58, MLO,2021.3699,418.95,63.08219999999983
2021,6,44362,2021.4548,418.7,416.13,418.54,416.0,418.7,416.13, MLO,2021.4548,418.7,63.16709999999989
2021,7,44392,2021.537,416.66,415.87,416.93,416.18,416.66,415.87, MLO,2021.537,416.66,63.24929999999995
2021,8,44423,2021.6219,414.38,415.94,414.77,416.36,414.38,415.94, MLO,2021.6219,414.38,63.33420000000001
2021,9,44454,2021.7068,412.93,416.41,413.06,416.55,412.93,416.41, MLO,2021.7068,412.93,63.419099999999844
2021,10,44484,2021.789,413.52,417.1,413.17,416.73,413.52,417.1, MLO,2021.789,413.52,63.5012999999999
2021,11,44515,2021.874,414.81,417.05,414.7,416.91,414.81,417.05, MLO,2021.874,414.81,63.58629999999994
2021,12,44545,2021.9562,416.43,417.34,416.19,417.08,416.43,417.34, MLO,2021.9562,416.43,63.668499999999995
2022,1,44576,2022.0411,418.01,417.94,417.33,417.25,418.01,417.94, MLO,2022.0411,418.01,63.75339999999983
2022,2,44607,2022.126,418.99,418.21,418.19,417.4,418.99,418.21, MLO,2022.126,418.99,63.83829999999989
2022,3,44635,2022.2027,418.45,416.92,419.08,417.54,418.45,416.92, MLO,2022.2027,418.45,63.914999999999964
2022,4,44666,2022.2877,420.01,417.25,420.46,417.69,420.01,417.25, MLO,2022.2877,420.01,64.0
2022,5,44696,2022.3699,420.78,417.4,421.22,417.84,420.78,417.4, MLO,2022.3699,420.78,64.08219999999983
2022,6,44727,2022.4548,420.68,418.11,420.55,418.0,420.68,418.11, MLO,2022.4548,420.68,64.16709999999989
2022,7,44757,2022.537,418.71,417.92,418.93,418.17,418.71,417.92, MLO,2022.537,418.71,64.24929999999995
2022,8,44788,2022.6219,416.75,418.31,416.76,418.36,416.75,418.31, MLO,2022.6219,416.75,64.33420000000001
2022,9,44819,2022.7068,415.42,418.9,415.05,418.55,415.42,418.9, MLO,2022.7068,415.42,64.41909999999984
2022,10,44849,2022.789,415.31,418.9,415.17,418.74,415.31,418.9, MLO,2022.789,415.31,64.5012999999999
2022,11,44880,2022.874,417.03,419.27,416.73,418.94,417.03,419.27, MLO,2022.874,417.03,64.58629999999994
2022,12,44910,2022.9562,418.47,419.38,418.26,419.15,418.47,419.38, MKO,2022.9562,418.47,64.6685
2023,1,44941,2023.0411,419.13,419.06,419.45,419.37,419.13,419.06, MKO,2023.0411,419.13,64.75339999999983
2023,2,44972,2023.126,420.33,419.56,420.39,419.6,420.33,419.56, MKO,2023.126,420.33,64.83829999999989
2023,3,45000,2023.2027,420.51,418.98,421.38,419.83,420.51,418.98, MLO,2023.2027,420.51,64.91499999999996
2023,4,45031,2023.2877,422.73,419.97,422.87,420.09,422.73,419.97, MLO,2023.2877,422.73,65.0
2023,5,45061,2023.3699,423.78,420.39,423.75,420.37,423.78,420.39, MLO,2023.3699,423.78,65.08219999999983
2023,6,45092,2023.4548,423.39,420.82,423.21,420.66,423.39,420.82, MLO,2023.4548,423.39,65.16709999999989
2023,7,45122,2023.537,421.62,420.83,421.71,420.95,421.62,420.83, MLO,2023.537,421.62,65.24929999999995
2023,8,45153,2023.6219,419.56,421.12,419.66,421.26,419.56,421.12, MLO,2023.6219,419.56,65.33420000000001
2023,9,45184,2023.7068,418.06,421.55,418.07,421.58,418.06,421.55, MLO,2023.7068,418.06,65.41909999999984
2023,10,45214,2023.789,418.41,422.0,418.3,421.88,418.41,422.0, MLO,2023.789,418.41,65.5012999999999
2023,11,45245,2023.874,420.11,422.36,419.97,422.19,420.11,422.36, MLO,2023.874,420.11,65.58629999999994
2023,12,45275,2023.9562,421.65,422.56,421.6,422.49,421.65,422.56, MLO,2023.9562,421.65,65.6685
2024,1,45306,2024.041,422.62,422.55,422.88,422.8,422.62,422.55, MLO,2024.041,422.62,65.75329999999985
2024,2,45337,2024.1257,424.34,423.56,423.88,423.09,424.34,423.56, MLO,2024.1257,424.34,65.83799999999997
2024,3,45366,2024.2049,425.22,423.66,424.95,423.36,425.22,423.66, MLO,2024.2049,425.22,65.91719999999987
2024,4,45397,2024.2896,426.3,423.5,426.46,423.65,426.3,423.5, MLO,2024.2896,426.3,66.00189999999998
2024,5,45427,2024.3716,426.7,423.3,427.32,423.92,426.7,423.3, MLO,2024.3716,426.7,66.08389999999986
2024,6,45458,2024.4563,426.62,424.07,426.74,424.2,426.62,424.07, MLO,2024.4563,426.62,66.16859999999997
2024,7,45488,2024.5383,425.4,424.63,425.2,424.47,425.4,424.63, MLO,2024.5383,425.4,66.25059999999985
2024,8,45519,2024.623,422.7,424.3,423.11,424.75,422.7,424.3, MLO,2024.623,422.7,66.33529999999996
2024,9,45550,2024.7077,421.6,425.11,421.49,425.02,421.6,425.11, MLO,2024.7077,421.6,66.41999999999985
2024,10,45580,2024.7896,422.05,425.65,421.69,425.28,422.05,425.65, MLO,2024.7896,422.05,66.50189999999998
2024,11,45611,2024.8743,423.61,425.86,423.3,425.53,423.61,425.86, MLO,2024.8743,423.61,66.58659999999986
2024,12,45641,2024.9563,425.01,425.93,424.86,425.75,425.01,425.93, MLO,2024.9563,425.01,66.66859999999997
2025,1,45672,2025.0411,426.42,426.35,426.06,425.97,426.42,426.35, MLO,2025.0411,426.42,66.75339999999983
2025,2,45703,2025.126,427.0,426.21,426.98,426.18,427.0,426.21, MLO,2025.126,427.0,66.83829999999989
2025,3,45731,2025.2027,427.73,426.19,427.92,426.36,427.73,426.19, MLO,2025.2027,427.73,66.91499999999996
2025,4,45762,2025.2877,429.24,426.47,429.35,426.56,429.24,426.47, MLO,2025.2877,429.24,67.0
2025,5,45792,2025.3699,430.2,426.8,430.14,426.74,430.2,426.8, MLO,2025.3699,430.2,67.08219999999983
2025,6,45823,2025.4548,429.52,426.93,429.49,426.92,429.52,426.93, MLO,2025.4548,429.52,67.16709999999989
2025,7,45853,2025.537,427.56,426.76,427.87,427.1,427.56,426.76, MLO,2025.537,427.56,67.24929999999995
2025,8,45884,2025.6219,425.2,426.77,425.68,427.29,425.2,426.77, MLO,2025.6219,425.2,67.33420000000001
2025,9,45915,2025.7068,424.07,427.58,423.96,427.48,424.07,427.58, MLO,2025.7068,424.07,67.41909999999984
2025,10,45945,2025.789,424.34,427.95,424.07,427.67,424.34,427.95, MLO,2025.789,424.34,67.5012999999999
2025,11,45976,2025.874,425.92,428.17,425.63,427.86,425.92,428.17, MLO,2025.874,425.92,67.58629999999994
2025,12,46006,2025.9562,427.14,428.06,427.14,428.04,427.14,428.06, MLO,2025.9562,427.14,67.6685
2026,1,46037,2026.0411,428.18,428.11,428.31,428.23,428.18,428.11, MLO,2026.0411,428.18,67.75339999999983
2026,2,46068,2026.126,429.25,428.46,429.21,428.41,429.25,428.46, MLO,2026.126,429.25,67.83829999999989
2026,3,46096,2026.2027,429.91,428.37,430.14,428.58,429.91,428.37, MLO,2026.2027,429.91,67.91499999999996
